1.4734,-0.0078783,1.7732
1.4839,0.0071264,1.3862
1.4749,-0.0060651,1.3573
1.4837,0.005997,1.1513
1.4852,0.0009503,0.099376
1.4745,-0.0071575,1.5499
1.4837,0.0062529,1.1394
1.4843,0.00034035,0.023805
1.4841,-0.00010106,0.11431
1.4876,0.0023583,0.39173
1.4914,0.0025545,0.42541
1.4825,-0.0059675,1.3081
1.4876,0.0034401,0.60542
1.4838,-0.0025578,0.61363
1.4868,0.0020151,0.32314
1.4914,0.0031376,0.56903
1.4825,-0.0059975,1.3938
1.4868,0.002887,0.52167
1.4882,0.00091809,0.098069
1.4874,-0.00050398,0.22503
1.4796,-0.0052441,1.2834
1.4886,0.0060827,1.234
1.4785,-0.0067849,1.559
1.4796,0.000744,0.059912
1.4878,0.0055319,1.0779
1.4802,-0.005078,1.1755
1.4878,0.0051343,0.91739
1.4785,-0.0062608,1.3447
1.4802,0.0011599,0.11155
1.4797,-0.00032427,0.17111
1.4794,-0.00023653,0.1595
1.4951,0.010612,2.063
1.4977,0.001739,0.2512
1.4773,-0.013621,2.7928
1.4951,0.012049,2.0424
1.4796,-0.010344,1.9653
1.4967,0.01151,1.7798
1.4977,0.00071492,0.022471
1.4774,-0.01356,2.3446
1.4967,0.013023,1.9877
1.4952,-0.00094544,0.26142
1.4948,-0.00030095,0.16411
1.495,0.0001338,0.067208
1.4956,0.00040134,0.025487
1.4936,-0.0013373,0.31345
1.495,0.00093733,0.10197
1.4953,0.00020067,0.042245
1.4954,6.6876e-05,0.06354
1.4988,0.0022736,0.39775
1.4929,-0.0039365,0.91677
1.4954,0.0016746,0.27253
1.4968,0.00093955,0.11888
1.494,-0.0018506,0.48111
1.4979,0.0025736,0.48114
1.4929,-0.0033214,0.83788
1.494,0.00075691,0.086829
1.4962,0.0014156,0.23498
1.4958,-0.00023393,0.15112
1.4999,0.002741,0.60521
1.5038,0.0026002,0.56791
1.4954,-0.0055858,1.6574
1.4999,0.0030092,0.66697
1.496,-0.0025935,0.8706
1.5001,0.0027473,0.61189
1.5036,0.0022965,0.48675
1.4959,-0.0051079,1.609
1.5001,0.0028311,0.65153
1.4994,-0.00044663,0.28818
1.5001,0.00043349,0.032861
1.5106,0.0069995,1.9095
1.5117,0.00072819,0.050358
1.4985,-0.0087319,2.9415
1.5106,0.0080747,2.3016
1.4992,-0.0075401,2.5697
1.5111,0.0079342,2.2577
1.5116,0.00033088,0.11421
1.4984,-0.0087357,2.8068
1.5111,0.008479,2.3932
1.5111,-3.6397e-05,0.17902
1.5104,-0.00043016,0.3041
1.4934,-0.011255,3.4302
1.5125,0.01279,3.5865
1.4902,-0.014744,4.4814
1.4934,0.0021474,0.45305
1.512,0.012425,3.3794
1.4911,-0.013813,4.1183
1.5123,0.014225,3.6583
1.4901,-0.014683,3.9215
1.4911,0.00066775,0.0074508
1.4938,0.0018644,0.3221
1.4933,-0.00036818,0.30231
1.4827,-0.0070984,2.2057
1.4972,0.0097795,2.5617
1.4737,-0.015696,4.6401
1.4827,0.0061071,1.5423
1.4931,0.006994,1.7846
1.4775,-0.010395,3.0062
1.4973,0.01334,3.2249
1.4745,-0.015178,3.5759
1.4775,0.0020447,0.30438
1.4748,-0.001895,0.58169
1.483,0.0055942,1.2397
1.483,0,0.1748
1.483,0,0.18185
1.483,0,0.15146
1.483,0,0.11125
1.4737,-0.0062711,1.8477
1.4727,-0.00067856,0.28447
1.4777,0.0033951,0.81953
1.4723,-0.0036543,1.0852
1.4727,0.00027168,0.023525
1.4735,0.00054322,0.058865
1.4859,0.0084153,2.1027
1.4882,0.0015479,0.30871
1.4723,-0.010684,3.0667
1.4859,0.0092372,2.3174
1.4751,-0.0072448,1.9882
1.4869,0.0079518,1.9816
1.4882,0.00089114,0.12641
1.4745,-0.0091722,2.2966
1.4869,0.0083585,1.8004
1.4856,-0.00081716,0.2781
1.486,0.00023559,0.031426
1.4913,0.0035666,0.84521
1.4932,0.0012741,0.21861
1.4849,-0.0055585,1.5646
1.4913,0.0043101,1.0415
1.4859,-0.0036344,1.0565
1.4892,0.0022108,0.48716
1.4931,0.0026659,0.60735
1.4857,-0.0049694,1.4517
1.4892,0.0023221,0.46133
1.4907,0.0010308,0.1653
1.4904,-0.00020125,0.16673
1.4809,-0.0063741,1.9314
1.4928,0.0080357,2.1349
1.48,-0.0085745,2.5571
1.4809,0.00060811,0.067362
1.4907,0.0066007,1.7355
1.4831,-0.0050648,1.559
1.4928,0.0064964,1.7064
1.4801,-0.0084876,2.3999
1.4831,0.0020506,0.39556
1.482,-0.00079225,0.31828
1.4819,-3.3739e-05,0.12976
1.4882,0.0042513,0.93524
1.4914,0.0021502,0.37458
1.4788,-0.0084484,2.0951
1.4882,0.0063565,1.2659
1.4819,-0.0042031,0.9418
1.4888,0.0046223,0.79752
1.4914,0.0017766,0.21863
1.4789,-0.0084281,1.6391
1.4888,0.0067112,1.0846
1.489,0.0001377,0.074375
1.4886,-0.00026864,0.14637
1.4898,0.00080613,0.053958
1.4931,0.0022151,0.2932
1.4833,-0.0065635,1.2377
1.4898,0.0043821,0.63616
1.4887,-0.00075849,0.20371
1.4891,0.00031236,0.029616
1.4931,0.0026425,0.38035
1.4833,-0.0065201,1.1794
1.4891,0.0039101,0.59096
1.4888,-0.00022496,0.1017
1.4899,0.00073885,0.060017
1.489,-0.00060407,0.16596
1.4904,0.00094023,0.093904
1.4883,-0.001409,0.31065
1.489,0.00047034,0.025292
1.489,0,0.054698
1.4697,-0.012962,2.2723
1.4919,0.015105,2.5382
1.4678,-0.016154,2.8184
1.4697,0.0012945,0.17176
1.491,0.014469,2.4292
1.4694,-0.014454,2.5744
1.4918,0.015207,2.5556
1.4687,-0.015441,2.7003
1.4694,0.0004698,0.013201
1.47,0.00036409,0.018441
1.4696,-0.0002381,0.11435
1.476,0.0043549,0.72497
1.4783,0.0015583,0.19924
1.4647,-0.0091998,1.7704
1.476,0.0077149,1.3435
1.4709,-0.0034214,0.70663
1.4763,0.0036133,0.58844
1.4783,0.0013649,0.17452
1.4649,-0.0090714,1.7468
1.4763,0.0077788,1.2943
1.4762,-7.7899e-05,0.096992
1.4762,3.3872e-05,0.070523
1.4739,-0.0015581,0.39827
1.4786,0.0031888,0.59128
1.4652,-0.0090626,2.0177
1.4739,0.0059378,1.2018
1.4756,0.0011602,0.17641
1.4745,-0.0007319,0.26952
1.4786,0.002767,0.55461
1.4652,-0.0090727,2.2263
1.4745,0.0063712,1.3776
1.4757,0.00079347,0.082889
1.4745,-0.00081317,0.28748
1.4699,-0.0031197,0.80419
1.4764,0.0044221,0.85438
1.4628,-0.0092116,2.126
1.4699,0.0048537,0.90078
1.4755,0.0038404,0.6397
1.4702,-0.003619,0.85746
1.4763,0.0041525,0.6883
1.4627,-0.009202,1.8878
1.4702,0.0051137,0.84857
1.4704,9.8626e-05,0.080634
1.4703,-3.4006e-05,0.10633
1.473,0.0018364,0.26218
1.4779,0.0033265,0.56355
1.4647,-0.0089654,2.0111
1.473,0.005701,1.0361
1.47,-0.0020163,0.51668
1.4732,0.0021496,0.34784
1.4778,0.0031225,0.54661
1.4676,-0.006865,1.6652
1.4732,0.0037782,0.65486
1.4749,0.0011607,0.12566
1.4753,0.0002712,0.086527
1.4745,-0.00054226,0.23109
1.4766,0.0014242,0.20368
1.473,-0.002438,0.6852
1.4745,0.0010183,0.12222
1.4745,0,0.12618
1.4713,-0.0021702,0.61786
1.4766,0.0036023,0.7454
1.4685,-0.0054856,1.3301
1.4713,0.0019067,0.32085
1.4745,0.0021614,0.39578
1.4713,-0.0021635,0.66328
1.4766,0.0035887,0.75458
1.4686,-0.0054315,1.4279
1.4713,0.0018658,0.33771
1.4714,7.4764e-05,0.099281
1.4716,0.00013592,0.085164
1.4777,0.0041451,0.95023
1.4789,0.00081207,0.085896
1.4674,-0.007776,2.0593
1.4777,0.0070192,1.6448
1.4715,-0.0041788,1.1248
1.4775,0.004074,0.87201
1.4789,0.000934,0.11225
1.4675,-0.007722,2.046
1.4775,0.0068417,1.6002
1.4774,-4.7377e-05,0.1252
1.4776,0.00010153,0.09256
1.4956,0.012182,2.9986
1.4965,0.00060177,0.033077
1.475,-0.014367,3.7189
1.4956,0.013966,3.2655
1.4776,-0.012035,2.9264
1.4962,0.012598,2.8381
1.4965,0.00021721,0.05917
1.4751,-0.01435,3.468
1.4962,0.014338,3.1042
1.4964,9.0228e-05,0.081972
1.4957,-0.00043439,0.20245
1.4881,-0.0050812,1.2866
1.4965,0.0056448,1.1597
1.4849,-0.0077514,1.7333
1.4881,0.002155,0.3674
1.4956,0.0050366,0.97652
1.488,-0.0050782,1.1602
1.4965,0.0057124,1.0529
1.4849,-0.007728,1.6291
1.488,0.0020641,0.30128
1.4882,0.00010081,0.089625
1.4882,3.3599e-05,0.10719
1.4952,0.0047373,0.88875
1.4954,0.00010032,0.065134
1.485,-0.0069547,1.5582
1.4952,0.0069024,1.3499
1.4882,-0.0047183,1.0855
1.4934,0.0034807,0.63373
1.5007,0.0049351,0.93098
1.485,-0.010458,2.3969
1.4934,0.0056059,1.0338
1.5015,0.0054742,0.97639
1.4947,-0.004562,1.0883
1.4948,6.6903e-05,0.071631
1.4966,0.0012042,0.15352
1.494,-0.0017373,0.43471
1.4948,0.00053548,0.056961
1.4946,-0.0001338,0.11022
1.4898,-0.0032116,0.69552
1.4978,0.0053698,1.0286
1.4884,-0.0062759,1.3227
1.4898,0.00094061,0.10413
1.4944,0.0030675,0.51636
1.49,-0.0029578,0.73396
1.4977,0.0052116,0.96293
1.4885,-0.0061227,1.2924
1.49,0.00094387,0.10476
1.4911,0.0008054,0.077925
1.4901,-0.00070415,0.25334
1.4811,-0.0060399,1.2904
1.4938,0.0085747,1.6478
1.481,-0.0085688,1.7389
1.4811,6.7522e-05,0.064239
1.49,0.0060259,1.1158
1.4812,-0.0059227,1.2528
1.4936,0.0084053,1.5751
1.4808,-0.0086366,1.7139
1.4812,0.0003039,0.01152
1.4814,0.00016878,0.014933
1.4813,-0.00010125,0.069529
1.4824,0.00074259,0.11093
1.4867,0.0029007,0.54453
1.4782,-0.0057174,1.2374
1.4824,0.0028413,0.5227
1.4812,-0.00083985,0.21818
1.4824,0.00084394,0.12293
1.4867,0.0029007,0.55658
1.4782,-0.005714,1.2574
1.4824,0.0028379,0.53166
1.4828,0.00023273,0.0023532
1.4824,-0.00023605,0.10225
1.4813,-0.00074204,0.2165
1.4863,0.0033754,0.7125
1.4772,-0.0061226,1.3452
1.4813,0.0027755,0.53844
1.4823,0.00069534,0.10473
1.4813,-0.00071172,0.19625
1.4862,0.0033012,0.64804
1.4772,-0.0060525,1.3152
1.4813,0.002779,0.52048
1.4816,0.00025316,0.0059059
1.4815,-0.00010124,0.073312
1.4752,-0.0042524,0.9537
1.4859,0.0072533,1.472
1.4747,-0.0075375,1.5819
1.4752,0.00033905,0.02944
1.4816,0.0043452,0.86326
1.4781,-0.0023994,0.529
1.4857,0.0051994,1.0027
1.4743,-0.0077302,1.4763
1.4781,0.0025776,0.4356
1.4814,0.0022969,0.38364
1.4755,-0.0040163,0.85855
1.4759,0.00027109,0.009297
1.4767,0.00054204,0.062666
1.475,-0.0011512,0.29696
1.4759,0.00061017,0.082048
1.4754,-0.00033878,0.12676
1.4808,0.00366,0.7829
1.4817,0.00060778,0.079499
1.4719,-0.006614,1.5077
1.4808,0.0060466,1.2646
1.4754,-0.0036264,0.82418
1.4808,0.0036057,0.71628
1.4818,0.00068209,0.093538
1.4717,-0.006769,1.5417
1.4808,0.0061288,1.2826
1.4805,-0.0002026,0.099008
1.4802,-0.00016887,0.094501
1.4793,-0.00060803,0.19513
1.4827,0.0022984,0.47133
1.4776,-0.0034397,0.85442
1.4793,0.0011505,0.20505
1.4804,0.00071656,0.11213
1.4792,-0.00080048,0.27691
1.4826,0.0023155,0.52262
1.4777,-0.0033151,0.91444
1.4792,0.0010083,0.19075
1.4791,-1.6901e-05,0.07214
1.4789,-0.00016902,0.11282
1.4843,0.0036514,0.88535
1.486,0.0011453,0.22834
1.4784,-0.005148,1.4191
1.4843,0.0040248,0.97278
1.479,-0.0035875,1.0002
1.4845,0.0037053,0.88216
1.486,0.0010408,0.19443
1.4782,-0.005249,1.4737
1.4845,0.0042315,1.0297
1.4848,0.00023241,0.014382
1.4845,-0.00020205,0.12938
1.4827,-0.0012125,0.39062
1.4851,0.0016187,0.36614
1.4804,-0.0031648,0.95734
1.4827,0.0015536,0.34635
1.4845,0.0012376,0.2616
1.4824,-0.0014449,0.46932
1.485,0.0017404,0.39644
1.4804,-0.0030573,0.90613
1.4824,0.0013239,0.28078
1.4829,0.00037777,0.025486
1.4826,-0.00023602,0.17695
1.4732,-0.0063402,2.0705
1.4855,0.0083492,2.4971
1.4695,-0.010771,3.4547
1.4732,0.0025179,0.69652
1.4826,0.0063739,1.9281
1.4749,-0.0052138,1.6417
1.4854,0.0071329,1.9194
1.4696,-0.01064,2.9604
1.4749,0.0035963,0.89637
1.4771,0.0015188,0.33357
1.4725,-0.0031142,0.98398
1.472,-0.00033956,0.18156
1.4726,0.00040761,0.033911
1.4697,-0.0019693,0.69404
1.472,0.0015649,0.38404
1.4708,-0.00081522,0.36593
1.4715,0.00047593,0.054576
1.4752,0.0025144,0.70653
1.4694,-0.0039317,1.3736
1.4715,0.0014292,0.32988
1.4712,-0.00017329,0.16621
1.4714,0.00011215,0.080766
1.4752,0.0025554,0.7582
1.4693,-0.0039758,1.4215
1.4714,0.0014327,0.34397
1.4715,9.5147e-05,0.067109
1.4719,0.00023784,0.022652
1.4785,0.004484,1.399
1.48,0.0010145,0.23904
1.4711,-0.0060135,2.2057
1.4785,0.0050302,1.5322
1.4718,-0.0045079,1.596
1.4789,0.0048239,1.4646
1.4799,0.00063221,0.089799
1.4711,-0.0058992,2.0523
1.4789,0.0052986,1.5443
1.4788,-5.7474e-05,0.13
1.479,0.00010143,0.084282
1.4831,0.0027721,0.83124
1.4862,0.0020902,0.56798
1.4776,-0.0057866,2.061
1.4831,0.0037223,1.1105
1.4791,-0.0027274,1.0406
1.4833,0.0029039,0.83756
1.4907,0.0049584,1.4686
1.4776,-0.0088046,3.0065
1.4833,0.003905,1.1261
1.4834,3.3707e-05,0.13268
1.4831,-0.00020224,0.21942
1.4732,-0.0066752,2.4904
1.4867,0.0091637,2.8519
1.4729,-0.0092823,3.2269
1.4732,0.00020368,0.060036
1.4833,0.0068694,2.0041
1.4734,-0.006718,2.2371
1.4866,0.0089897,2.5884
1.473,-0.0091551,2.7164
1.4734,0.0002478,0.017074
1.4738,0.00030203,0.016497
1.473,-0.00054281,0.2438
1.4672,-0.0039375,1.2403
1.4763,0.0062023,1.7682
1.4664,-0.006706,2.0617
1.4672,0.00054555,0.090976
1.4731,0.0040076,1.117
1.4694,-0.0024812,0.80821
1.4751,0.0038348,1.0562
1.4669,-0.0055286,1.6386
1.4694,0.0017179,0.37973
1.4695,5.104e-05,0.058913
1.4662,-0.0022457,0.71169
1.468,0.0012277,0.26476
1.4688,0.00054496,0.081227
1.4662,-0.0017702,0.54979
1.468,0.0012277,0.26476
1.468,0,0.077622
1.4612,-0.0046322,1.3698
1.4691,0.0054065,1.3882
1.4595,-0.0065346,1.7838
1.4612,0.0011648,0.23962
1.4678,0.0045374,1.1162
1.4612,-0.0045169,1.2553
1.4691,0.0053757,1.334
1.4595,-0.0065008,1.775
1.4612,0.0011614,0.23873
1.4605,-0.00047906,0.18762
1.4608,0.00020541,0.010057
1.4589,-0.0013007,0.43152
1.4644,0.00377,0.997
1.458,-0.0043704,1.2402
1.4589,0.00061728,0.097323
1.4609,0.0013709,0.29319
1.4589,-0.0013553,0.43827
1.4644,0.0037528,0.94361
1.4579,-0.004466,1.2238
1.4589,0.00073053,0.12217
1.4587,-0.0001508,0.098602
1.459,0.00020566,0.0096572
1.453,-0.0041124,1.1174
1.4615,0.00585,1.414
1.4516,-0.0067739,1.6696
1.453,0.00096445,0.17726
1.459,0.0041569,0.98577
1.4529,-0.0042391,1.1227
1.4615,0.0059366,1.364
1.4515,-0.0068082,1.6778
1.4529,0.00091283,0.16494
1.453,0.00013422,0.021928
1.4528,-0.00017205,0.10153
1.454,0.00082599,0.1668
1.4568,0.0019257,0.46245
1.449,-0.0053542,1.5667
1.454,0.0034507,0.86805
1.4527,-0.00087689,0.28324
1.454,0.00085701,0.16377
1.4568,0.0019773,0.4526
1.449,-0.0054158,1.4707
1.454,0.0034611,0.81147
1.4543,0.00022696,0.0012438
1.4544,6.8762e-05,0.040993
1.4524,-0.0013751,0.39866
1.4557,0.0022721,0.51498
1.4468,-0.0061139,1.5898
1.4524,0.0038706,0.87385
1.4542,0.00126,0.24433
1.4521,-0.0014819,0.40761
1.4556,0.0024482,0.52686
1.4468,-0.0060318,1.488
1.4521,0.0036113,0.81184
1.4529,0.00060259,0.084343
1.4525,-0.00030971,0.12986
1.4521,-0.00027539,0.12317
1.4533,0.00082639,0.15696
1.4507,-0.001789,0.53912
1.4521,0.00096505,0.20419
1.4516,-0.00034433,0.16112
1.4532,0.0011022,0.2807
1.456,0.0019268,0.53814
1.4508,-0.0035714,1.2102
1.4532,0.0016543,0.4524
1.4515,-0.0011733,0.43719
1.453,0.0010644,0.28171
1.4559,0.0019855,0.59787
1.4509,-0.0034686,1.3311
1.453,0.0014922,0.45828
1.4535,0.00031658,0.038313
1.4531,-0.0002752,0.19989
1.4494,-0.0025463,1.0897
1.4536,0.0028978,1.042
1.4476,-0.0041277,1.6881
1.4494,0.0012434,0.38908
1.4531,0.0025666,0.90831
1.4492,-0.0026873,1.1708
1.4536,0.0029982,1.0595
1.4458,-0.0053455,2.1866
1.4492,0.0023689,0.81468
1.4491,-4.4852e-05,0.1244
1.4489,-0.00017251,0.17684
1.4577,0.0060736,2.2821
1.459,0.00089182,0.24123
1.4489,-0.0069225,2.7197
1.4577,0.0060736,2.0871
1.449,-0.0059546,2.3617
1.4576,0.0058936,2.0205
1.459,0.0010188,0.21132
1.449,-0.0068881,2.707
1.4576,0.005911,2.0269
1.4581,0.00033618,0.034985
1.4578,-0.00017146,0.2286
1.4588,0.00068597,0.14338
1.4649,0.0041815,1.3973
1.4562,-0.005939,2.3941
1.4588,0.0017855,0.49743
1.4576,-0.00078832,0.46239
1.4585,0.00060714,0.05123
1.4649,0.0043948,1.4598
1.4562,-0.0059388,2.3546
1.4585,0.0015725,0.3482
1.4579,-0.00046965,0.40025
1.4583,0.00030867,0.1128
1.4555,-0.00192,0.90219
1.4593,0.0026108,0.92242
1.4543,-0.0034263,1.4709
1.4555,0.00082514,0.20139
1.4583,0.0019306,0.5776
1.4555,-0.0018926,0.93365
1.4591,0.0024389,0.74365
1.4543,-0.0032657,1.4455
1.4555,0.00083543,0.086106
1.4555,-3.4351e-05,0.24343
1.4547,-0.00054964,0.45388
1.4549,0.00013749,0.12995
1.4551,0.00013747,0.07628
1.4516,-0.0024053,1.1133
1.4549,0.0022734,0.79248
1.4549,0,0.13301
1.4528,-0.0014434,0.70975
1.4622,0.0064703,2.4717
1.4522,-0.006839,2.7845
1.4528,0.00041317,0.033727
1.4549,0.0014248,0.44093
1.453,-0.0013128,0.70839
1.4621,0.0063009,2.4349
1.4524,-0.006665,2.8492
1.453,0.00040623,0.032544
1.4527,-0.00014453,0.19307
1.4528,3.4417e-05,0.12143
1.4595,0.0046118,1.7881
1.4648,0.0036314,1.3551
1.4519,-0.0088067,3.7537
1.4595,0.0052345,1.9702
1.4529,-0.0045358,1.8895
1.4594,0.0044876,1.6171
1.4647,0.0036453,1.2898
1.4518,-0.0088037,3.3746
1.4594,0.0052176,1.7576
1.4603,0.00061669,0.10061
1.4595,-0.00054783,0.33025
1.4671,0.0052073,1.8402
1.4679,0.00054529,0.062558
1.4594,-0.0057906,2.2448
1.4671,0.0052761,1.7482
1.4595,-0.0051871,1.9606
1.4671,0.0052176,1.6842
1.4679,0.00054188,0.046305
1.4594,-0.0057599,2.1613
1.4671,0.0052486,1.6366
1.4672,9.8834e-05,0.10514
1.4673,3.4077e-05,0.13255
1.4725,0.0035439,1.1515
1.4749,0.0016299,0.43538
1.4662,-0.0058987,2.226
1.4725,0.0042968,1.3147
1.4673,-0.003545,1.2744
1.4724,0.0034656,0.98477
1.475,0.0017625,0.41874
1.4662,-0.0059324,2.0479
1.4724,0.0041979,1.1347
1.4723,-7.8106e-05,0.14206
1.4724,0.00010188,0.092205
1.4761,0.0025129,0.64154
1.4792,0.0021001,0.50636
1.4715,-0.0052055,1.682
1.4761,0.0031261,0.81585
1.4723,-0.0025879,0.87299
1.4755,0.0021871,0.50845
1.4791,0.0024466,0.57034
1.4715,-0.0051315,1.5705
1.4755,0.0027047,0.6236
1.4758,0.00020332,0.077584
1.4756,-0.00013552,0.17989
1.4762,0.00040661,0.00090527
1.4763,6.7741e-05,0.099379
1.4746,-0.0011515,0.46676
1.4762,0.001085,0.21979
1.4762,0,0.13222
1.4735,-0.001829,0.70381
1.479,0.0037665,1.0549
1.4695,-0.0064568,2.0853
1.4735,0.002722,0.71426
1.476,0.0016695,0.3889
1.4736,-0.0016125,0.61343
1.4784,0.0032913,0.90724
1.4692,-0.0062296,2.0766
1.4736,0.0029676,0.80666
1.4736,4.7503e-05,0.098353
1.4734,-0.00016965,0.16804
1.4695,-0.0026469,0.93684
1.4751,0.0038108,1.1001
1.4659,-0.0062369,2.0051
1.4695,0.0024558,0.66723
1.4736,0.0028139,0.78592
1.4693,-0.0029315,1.0001
1.4749,0.0037909,1.07
1.466,-0.006031,1.9021
1.4693,0.0022681,0.56507
1.4693,2.3821e-05,0.067915
1.4694,3.4029e-05,0.067186
1.4739,0.0030625,0.843
1.4758,0.0012891,0.3022
1.4667,-0.0061661,1.9266
1.4739,0.004909,1.3198
1.4694,-0.0030735,0.94604
1.4742,0.0033041,0.83993
1.4757,0.0010073,0.19237
1.4667,-0.0060717,1.7461
1.4742,0.0050963,1.2498
1.4741,-0.00011871,0.10632
1.4739,-0.00010176,0.10604
1.4788,0.0033245,0.81523
1.4802,0.00094671,0.16117
1.4685,-0.0079043,2.1489
1.4788,0.007014,1.6581
1.474,-0.0032493,0.89238
1.4788,0.0032802,0.69173
1.4802,0.00090612,0.11638
1.4684,-0.0079417,2.0222
1.4788,0.0070927,1.5821
1.4788,-2.0286e-05,0.11906
1.4792,0.00027049,0.049727
1.4786,-0.00040562,0.21109
1.4829,0.0029082,0.58604
1.4772,-0.0038101,1.0278
1.4786,0.00091386,0.11887
1.4792,0.00042608,0.011906
1.4778,-0.000987,0.36488
1.4829,0.0034444,0.73433
1.4777,-0.0034562,0.98382
1.4778,2.3685e-05,0.11081
1.478,0.00012181,0.071288
1.4792,0.00084577,0.10816
1.4785,-0.00047323,0.23089
1.4804,0.0012851,0.23238
1.4785,-0.0012834,0.46897
1.4785,0,0.093995
1.4784,-6.7636e-05,0.11537
1.4747,-0.0025027,0.77906
1.4797,0.0033905,0.85355
1.4733,-0.0043252,1.2157
1.4747,0.00095025,0.20392
1.4777,0.0020309,0.48369
1.4745,-0.0021317,0.64512
1.4786,0.0027195,0.70501
1.4734,-0.0035136,1.0461
1.4745,0.00080428,0.17694
1.4743,-0.00020006,0.099985
1.4746,0.00023741,0.021738
1.4803,0.0038655,1.0889
1.4817,0.00094575,0.21068
1.4736,-0.0054667,1.6615
1.4803,0.0045467,1.2565
1.4745,-0.0039384,1.16
1.4797,0.0035674,0.93356
1.4817,0.001311,0.30422
1.4737,-0.0053689,1.6331
1.4797,0.0040815,1.1214
1.4801,0.00021626,0.0011462
1.4799,-0.00010135,0.095317
1.477,-0.0019596,0.6433
1.4813,0.0029113,0.80109
1.4745,-0.0045906,1.3992
1.477,0.0016955,0.4144
1.4799,0.001933,0.48064
1.4772,-0.0017603,0.58433
1.4811,0.0026299,0.72825
1.4745,-0.0044594,1.421
1.4772,0.0018447,0.48074
1.4773,3.3847e-05,0.051736
1.477,-0.00020307,0.12614
1.471,-0.0040623,1.3481
1.4789,0.0053705,1.6175
1.4689,-0.0067618,2.038
1.471,0.0014296,0.36778
1.4772,0.004191,1.1395
1.4708,-0.0043157,1.2517
1.4789,0.0054868,1.4056
1.4691,-0.0066064,1.8138
1.4708,0.0011572,0.23822
1.4707,-9.5187e-05,0.085474
1.4705,-0.000102,0.088933
1.4657,-0.0032642,0.92418
1.4711,0.0036842,0.92984
1.4635,-0.0051662,1.3537
1.4657,0.0015032,0.35675
1.4704,0.0032271,0.79405
1.4668,-0.0024585,0.68224
1.471,0.0028497,0.68588
1.4635,-0.0050918,1.3526
1.4668,0.0022617,0.51751
1.4667,-0.00011249,0.087859
1.4683,0.001125,0.23852
1.4683,0,0.060238
1.4703,0.0013621,0.32116
1.4666,-0.0025165,0.7772
1.4683,0.0011591,0.2805
1.4679,-0.00027242,0.14818
1.4714,0.0023844,0.67469
1.4723,0.00061166,0.11422
1.4662,-0.0041432,1.2924
1.4714,0.0035466,0.98533
1.4678,-0.0024433,0.75645
1.4716,0.0025719,0.66436
1.4721,0.00035676,0.037263
1.4662,-0.004035,1.2768
1.4716,0.0036933,1.0319
1.4719,0.00021745,0.0026899
1.4713,-0.00040764,0.18905
1.4726,0.00088357,0.20704
1.4749,0.0015619,0.4144
1.4676,-0.0049495,1.6159
1.4726,0.0034069,0.98737
1.4716,-0.00068926,0.27289
1.4723,0.00048587,0.080256
1.4749,0.0017659,0.49519
1.4674,-0.0050783,1.7884
1.4723,0.0033324,1.0414
1.4725,0.00010188,0.04041
1.4726,0.00010187,0.042113
1.4812,0.00584,2.0008
1.4828,0.0010802,0.28602
1.4714,-0.0076882,2.6549
1.4812,0.0066603,2.0705
1.4727,-0.0057588,1.9267
1.4813,0.0058363,1.8053
1.483,0.0011409,0.28368
1.4714,-0.007775,2.4851
1.4813,0.0066874,1.9231
1.4812,-1.0126e-05,0.070719
1.4813,3.3755e-05,0.060145
1.4829,0.0010801,0.2648
1.4836,0.00047205,0.054334
1.476,-0.0051227,1.6831
1.4829,0.0046748,1.3032
1.4812,-0.0011329,0.41867
1.4829,0.0011511,0.25003
1.4835,0.00038775,0.0079546
1.476,-0.0050725,1.6533
1.4829,0.0047088,1.2857
1.4826,-0.00025288,0.20515
1.483,0.00030353,0.038829
1.4782,-0.0032367,1.0922
1.4846,0.0043296,1.1756
1.4781,-0.0043783,1.3963
1.4782,6.7654e-05,0.077154
1.4829,0.0032032,0.85529
1.4836,0.00045855,0.037742
1.4847,0.00074817,0.11049
1.4804,-0.0029399,0.98851
1.4836,0.0021988,0.53687
1.4835,-7.7513e-05,0.1322
1.4828,-0.00047186,0.25547
1.4837,0.00060696,0.086196
1.4846,0.00060659,0.076271
1.4827,-0.0012798,0.57121
1.4837,0.00067445,0.11653
1.4841,0.0002696,0.037267
1.486,0.0012802,0.36844
1.487,0.00067295,0.11661
1.4823,-0.0031607,1.3898
1.486,0.0024961,0.80389
1.484,-0.0013156,0.67428
1.4862,0.0014184,0.3901
1.4869,0.0004912,0.026674
1.4825,-0.0029525,1.3231
1.4862,0.0024688,0.8018
1.4861,-6.7288e-05,0.19223
1.4863,0.00016823,0.10552
1.489,0.0018166,0.61712
1.4905,0.0010074,0.24183
1.4857,-0.0032204,1.4923
1.489,0.0022212,0.71094
1.4862,-0.0019006,0.95794
1.489,0.0018874,0.5758
1.4904,0.00092345,0.1855
1.4857,-0.0031469,1.6133
1.489,0.0022313,0.78877
1.4889,-5.037e-05,0.23032
1.489,6.7164e-05,0.19365
1.4822,-0.0045668,2.3555
1.4894,0.0048576,1.9806
1.479,-0.0069827,3.0156
1.4822,0.0021636,0.68764
1.4888,0.0044798,1.6428
1.4822,-0.0044733,2.0265
1.4894,0.004851,1.7239
1.479,-0.0069694,2.9224
1.4822,0.0021569,0.66493
1.4821,-5.3975e-05,0.20664
1.4822,6.7472e-05,0.16313
1.4814,-0.00053974,0.43006
1.4852,0.0025651,0.95669
1.4799,-0.0036022,1.6662
1.4814,0.0010474,0.24504
1.4823,0.00060078,0.069726
1.4815,-0.00054308,0.41349
1.4852,0.0025177,0.867
1.48,-0.0035382,1.5932
1.4815,0.0010304,0.23837
1.4814,-2.3625e-05,0.17537
1.4815,3.3751e-05,0.16118
1.4816,6.7499e-05,0.13611
1.4829,0.00087743,0.23105
1.4792,-0.0024951,1.3629
1.4816,0.0016225,0.58398
1.4815,-9.1118e-05,0.25354
1.482,0.00038475,0.019563
1.485,0.0019871,0.82554
1.4792,-0.0038923,2.1275
1.482,0.0019166,0.70421
1.481,-0.00066463,0.46936
1.4811,3.376e-05,0.16221
1.48,-0.00074269,0.50656
1.4812,0.00081081,0.21751
1.4792,-0.0013503,0.78974
1.48,0.00054083,0.11629
1.4804,0.00027027,0.036227
1.4797,-0.00047285,0.41542
1.4841,0.0029736,1.469
1.4777,-0.0043124,2.2835
1.4797,0.0013535,0.52216
1.4802,0.00033115,0.021662
1.4797,-0.00035468,0.37675
1.4841,0.0030074,1.6696
1.4776,-0.0043595,2.9193
1.4797,0.001367,0.66289
1.4798,9.1237e-05,0.11934
1.4796,-0.00013515,0.26522
1.4869,0.0049338,3.0014
1.4888,0.0012778,0.6227
1.4769,-0.007993,5.3137
1.4869,0.0067709,3.9549
1.4797,-0.0048457,2.8064
1.4867,0.0047611,2.4464
1.4886,0.0012611,0.5327
1.477,-0.0078261,5.0832
1.4867,0.0066183,3.4619
1.4869,7.3987e-05,0.10024
1.4866,-0.00016814,0.24881
1.4854,-0.00080721,0.64707
1.4883,0.0019187,0.99044
1.4813,-0.0046699,2.6644
1.4854,0.0027678,1.3473
1.4865,0.00071361,0.23931
1.4853,-0.00081065,0.67361
1.4877,0.0016697,0.82851
1.4815,-0.0041876,2.7162
1.4853,0.0025312,1.2197
1.4854,9.7626e-05,0.08445
1.4852,-0.00013464,0.21821
1.485,-0.00013466,0.20317
1.487,0.0013468,0.6481
1.4829,-0.0027572,1.8185
1.485,0.0014161,0.62043
1.4852,0.00016498,0.027948
1.4852,-5.3863e-05,0.15353
1.487,0.0012255,0.57104
1.4829,-0.0027236,1.5587
1.4852,0.0015038,0.67718
1.4849,-0.00017843,0.1482
1.485,6.7345e-05,0.032442
1.4826,-0.0016162,0.87219
1.4899,0.0049238,2.4624
1.4802,-0.0065105,3.2625
1.4826,0.0016214,0.72732
1.4851,0.0016592,0.73962
1.4809,-0.002781,1.3591
1.4904,0.0064183,2.8707
1.4769,-0.0090913,4.0561
1.4809,0.0027389,1.1639
1.4908,0.0066647,2.8491
1.4828,-0.0053662,2.3817
1.4811,-0.0011465,0.53201
1.4832,0.0014179,0.58507
1.4795,-0.0024946,1.1699
1.4811,0.0010814,0.43947
1.481,-6.7517e-05,0.068151
1.4807,-0.00020257,0.12918
1.482,0.00087796,0.38154
1.4783,-0.0024966,1.2191
1.4807,0.0016235,0.72831
1.4809,0.00014858,0.031179
1.4807,-0.00017219,0.13161
1.4819,0.00082733,0.37643
1.4784,-0.0023247,1.2405
1.4807,0.0015016,0.73116
1.4806,-4.3899e-05,0.065189
1.4807,6.754e-05,0.0079568
1.484,0.0022287,1.1377
1.4851,0.00074124,0.3477
1.4796,-0.0037035,2.0237
1.484,0.0029738,1.4972
1.4808,-0.0021698,1.1773
1.4842,0.002286,1.1395
1.4851,0.00061314,0.26453
1.4796,-0.0036564,1.9129
1.4842,0.0030548,1.4625
1.4841,-4.3796e-05,0.068288
1.4841,0,0.048159
1.4855,0.00094333,0.43507
1.4862,0.00047122,0.19216
1.4827,-0.002355,1.2918
1.4855,0.0018884,0.89084
1.4842,-0.00089196,0.49627
1.4856,0.00094328,0.41388
1.4863,0.00046783,0.1797
1.4828,-0.002365,1.3266
1.4856,0.0019019,0.89761
1.4857,0.0001178,0.0026759
1.4856,-0.00010096,0.12302
1.4904,0.003231,1.6408
1.4917,0.00087225,0.38829
1.4766,-0.010123,5.4075
1.4904,0.0093458,4.6811
1.4857,-0.0031736,1.669
1.4905,0.0032544,1.5524
1.4916,0.00074471,0.28208
1.4766,-0.010073,4.9081
1.4905,0.0094237,4.2646
1.4903,-0.00017108,0.15088
1.4902,-3.3551e-05,0.091319
1.4941,0.0026171,1.1721
1.4946,0.00033465,0.091242
1.4895,-0.0034123,1.6425
1.4941,0.0030883,1.3384
1.4903,-0.0025199,1.2318
1.491,0.00045627,0.14449
1.4946,0.0023709,1.0059
1.4895,-0.0033689,1.7253
1.491,0.001007,0.38037
1.4911,5.7008e-05,0.044634
1.4936,0.0016766,0.6905
1.4938,0.0001339,0.010393
1.4946,0.00053555,0.17431
1.4926,-0.0013382,0.71725
1.4938,0.00080397,0.30207
1.4945,0.0004686,0.14961
1.4975,0.0020074,0.92741
1.4994,0.0012688,0.50071
1.494,-0.0036014,2.1638
1.4975,0.0023427,1.035
1.4944,-0.0020501,1.2998
1.4975,0.0020677,0.88878
1.4993,0.0011986,0.42689
1.4941,-0.0034849,2.0624
1.4975,0.0022957,1.0031
1.4975,2.0033e-05,0.19717
1.4975,-3.3388e-05,0.22732
1.4977,0.00013356,0.057129
1.4996,0.0012686,0.50062
1.4938,-0.0038677,2.3079
1.4977,0.0026108,1.1743
1.4976,-4.0061e-05,0.22873
1.4978,0.00012353,0.14414
1.4995,0.0011016,0.41482
1.4939,-0.003688,2.1645
1.4978,0.0025972,1.1563
1.4979,5.0073e-05,0.16757
1.4975,-0.00026704,0.34794
1.4918,-0.0038063,1.9462
1.5008,0.006033,2.7387
1.4905,-0.006863,3.2645
1.4918,0.00087219,0.21441
1.4976,0.0038879,1.6945
1.4917,-0.003953,2.1421
1.5008,0.006134,2.5809
1.4905,-0.0069162,3.2356
1.4917,0.00082525,0.1902
1.4918,0.00011397,0.1266
1.4921,0.00016758,0.11056
1.496,0.0026138,1.1506
1.5013,0.0035428,1.6031
1.4912,-0.0067275,3.7409
1.496,0.0032189,1.4828
1.492,-0.0026604,1.4826
1.496,0.0026709,1.104
1.5012,0.0034425,1.3704
1.4912,-0.0066249,3.2026
1.496,0.0032155,1.1788
1.4959,-7.0187e-05,0.21291
1.4958,-6.6849e-05,0.22643
1.5009,0.0034095,1.2381
1.5014,0.00033313,0.051571
1.4947,-0.0044625,1.9699
1.5009,0.004148,1.4192
1.4959,-0.0033413,1.4384
1.5002,0.0028879,0.90294
1.5015,0.00084988,0.14304
1.4948,-0.0044456,1.8184
1.5002,0.0036125,1.1442
1.5009,0.00042994,0.011431
1.5008,-3.3314e-05,0.17991
1.5004,-0.00026652,0.25904
1.5011,0.00046654,0.0087231
1.4986,-0.0016654,0.83516
1.5004,0.0012011,0.30397
1.5007,0.00019995,0.096311
1.5004,-0.00019991,0.23724
1.5016,0.00079979,0.17012
1.4981,-0.0023308,1.1735
1.5004,0.0015353,0.45667
1.5007,0.00020994,0.068265
1.5004,-0.00021656,0.24403
1.5014,0.00069649,0.14621
1.4982,-0.0021879,1.0473
1.5004,0.0014952,0.45977
1.5003,-5.9984e-05,0.15594
1.5003,0,0.13463
1.5023,0.0013331,0.42803
1.5059,0.0024296,0.84504
1.4995,-0.004283,1.8478
1.5023,0.0018673,0.60709
1.5003,-0.0013546,0.66849
1.5022,0.0012998,0.38756
1.506,0.0025296,0.88536
1.4995,-0.0043459,1.9267
1.5022,0.0018306,0.60352
1.5018,-0.00024297,0.2326
1.5019,3.3292e-05,0.1265
1.5096,0.0051268,2.0761
1.5118,0.0014573,0.47279
1.4986,-0.0087313,3.953
1.5096,0.0073402,2.9485
1.5019,-0.0050709,2.2208
1.5096,0.0050834,1.9151
1.5116,0.0013646,0.40041
1.4987,-0.0085602,4.0641
1.5096,0.0072596,2.8015
1.5094,-8.6117e-05,0.19048
1.5097,0.00016562,0.093607
1.5084,-0.0008611,0.47666
1.5119,0.0023535,0.87617
1.5056,-0.0041999,1.8641
1.5084,0.0018597,0.63726
1.5096,0.00079886,0.21159
1.5084,-0.00079822,0.48052
1.5116,0.0021347,0.7476
1.5056,-0.0040089,1.6349
1.5084,0.0018863,0.60758
1.5087,0.00016574,0.014168
1.5084,-0.00016571,0.14108
1.5085,6.6295e-05,0.046797
1.5116,0.002055,0.75139
1.5062,-0.0035724,1.5083
1.5085,0.001527,0.53653
1.5085,-2.3202e-05,0.083105
1.5051,-0.002244,0.96869
1.5117,0.0043951,1.6808
1.5051,-0.0043759,1.8165
1.5051,0,0.069793
1.505,-1.9932e-05,0.070868
1.5092,0.0027574,1.0218
1.508,-0.00079512,0.37933
1.5102,0.0014589,0.50966
1.5071,-0.0020527,0.89098
1.508,0.00059717,0.16351
1.5084,0.00026525,0.032465
1.5071,-0.00086184,0.41985
1.5104,0.0021896,0.80545
1.5059,-0.0029793,1.2847
1.5071,0.00079687,0.2388
1.5081,0.00069338,0.19863
1.5073,-0.0005835,0.3445
1.5103,0.0020368,0.75329
1.5061,-0.0028139,1.2414
1.5073,0.00078349,0.23791
1.507,-0.00020899,0.17531
1.507,3.318e-05,0.08018
1.5076,0.00039814,0.10007
1.5108,0.0021226,0.89515
1.5055,-0.0035081,1.5863
1.5076,0.0013949,0.50395
1.5071,-0.00035819,0.26287
1.5073,0.0001692,0.018178
1.5107,0.0022258,1.0379
1.5056,-0.003323,1.8218
1.5073,0.0011058,0.46843
1.5073,-9.9515e-06,0.10152
1.5075,0.00013269,0.027481
1.5016,-0.0039138,2.1871
1.5087,0.0047283,2.3835
1.4998,-0.0058991,3.1749
1.5016,0.0012002,0.53189
1.5073,0.0037926,1.8671
1.5013,-0.0039607,2.1633
1.5086,0.0048257,2.3992
1.4998,-0.0058433,3.1457
1.5013,0.0010468,0.45292
1.5014,8.326e-05,0.043373
1.5016,9.9903e-05,0.035311
1.501,-0.00039957,0.30248
1.5021,0.00073284,0.30831
1.4977,-0.0029292,1.6562
1.501,0.0022034,1.0634
1.5014,0.0002998,0.068984
1.5009,-0.00034966,0.27025
1.5021,0.00076953,0.31513
1.4978,-0.0028594,1.5787
1.5009,0.0020964,0.99308
1.5015,0.0003831,0.109
1.501,-0.000333,0.25777
1.4997,-0.00086609,0.53846
1.5042,0.0030006,1.4693
1.4984,-0.0038559,2.0685
1.4997,0.00086759,0.3558
1.501,0.00089685,0.37607
1.4993,-0.0011559,0.68968
1.5041,0.0032015,1.5662
1.4985,-0.0037497,1.9696
1.4993,0.00056057,0.18486
1.4995,0.00012672,0.019587
1.5005,0.00066689,0.25858
1.5009,0.00026658,0.052656
1.5012,0.00019988,0.017368
1.4995,-0.0011324,0.6966
1.5009,0.00093364,0.41096
1.5007,-0.00013325,0.16732
1.5049,0.0027987,1.5903
1.5057,0.0005316,0.20259
1.4992,-0.0043169,2.5403
1.5049,0.003802,2.0222
1.5008,-0.0027344,1.6145
1.5049,0.0027452,1.4342
1.5058,0.00058475,0.23217
1.4991,-0.0044263,2.7883
1.5049,0.0038589,2.2323
1.5044,-0.00036879,0.31996
1.5047,0.00023266,0.042559
1.5015,-0.0021267,1.5009
1.5082,0.0044622,2.8039
1.4993,-0.0059011,3.6309
1.5015,0.0014674,0.69646
1.5048,0.0022011,1.0948
1.5015,-0.0021797,1.3349
1.5079,0.0042523,2.2085
1.4992,-0.005753,3.1322
1.5015,0.0015274,0.69681
1.5009,-0.00044954,0.32902
1.5014,0.00036646,0.095967
1.5013,-6.6605e-05,0.13635
1.503,0.0011324,0.51458
1.4988,-0.0027944,1.6774
1.5013,0.001668,0.78532
1.5014,5.3287e-05,0.088166
1.5016,0.00012322,0.051842
1.5029,0.0008591,0.40247
1.4988,-0.0027281,1.7567
1.5016,0.0018749,0.98959
1.5013,-0.00017648,0.23433
1.5016,0.00019983,0.010267
1.4988,-0.0018647,1.2993
1.5132,0.0096077,5.6033
1.4969,-0.010772,6.5559
1.4988,0.0012693,0.58669
1.5016,0.0018481,0.97364
1.4988,-0.001868,1.2631
1.5131,0.0095979,5.2087
1.4969,-0.010759,5.7783
1.4988,0.001266,0.53237
1.4987,-4.3369e-05,0.13669
1.4989,0.00013345,0.045982
1.5015,0.0017346,0.84074
1.5046,0.0020646,0.96933
1.4978,-0.0044862,2.3849
1.5015,0.0024368,1.1345
1.4988,-0.0017949,1.02
1.5092,0.0069355,3.3803
1.5092,0,0.10331
1.4981,-0.0073781,3.6279
1.5092,0.0074329,3.2493
1.5034,-0.0038431,1.8162
1.4984,-0.0033258,1.5838
1.5018,0.0022691,0.87501
1.5021,0.00019976,3.7814e-05
1.4984,-0.0024632,1.081
1.5018,0.0022691,0.83992
1.5015,-0.00019976,0.16221
1.5075,0.003996,1.5409
1.5081,0.00039801,0.075516
1.501,-0.0047079,1.8941
1.5075,0.0043304,1.5826
1.5016,-0.0039303,1.595
1.5072,0.0037494,1.359
1.5079,0.00047107,0.092188
1.501,-0.004556,1.8357
1.5072,0.0041038,1.4954
1.5076,0.00026207,0.017619
1.5075,-6.6331e-05,0.13108
1.5067,-0.00053068,0.30622
1.5122,0.0036504,1.4079
1.5062,-0.0039677,1.6506
1.5067,0.00033196,0.031126
1.5074,0.00043804,0.070158
1.5067,-0.000408,0.2659
1.5119,0.0034113,1.3221
1.5064,-0.0036478,1.5253
1.5067,0.00024894,0.00057997
1.5067,-2.9866e-05,0.099234
1.5069,0.00013274,0.042156
1.5107,0.0025217,0.94515
1.5131,0.0015887,0.52791
1.5064,-0.004428,1.8214
1.5107,0.0028545,0.93174
1.5067,-0.0026412,1.0274
1.5109,0.0027543,0.89604
1.5129,0.0013734,0.38305
1.5064,-0.0043062,1.5378
1.5109,0.0029474,0.90005
1.5109,2.6475e-05,0.071272
1.5106,-0.00019856,0.14859
1.5206,0.0066199,2.1617
1.5218,0.00078916,0.18235
1.5103,-0.0075568,2.593
1.5206,0.0068198,2.1697
1.5107,-0.0065336,2.2068
1.5207,0.0066494,2.0514
1.5216,0.00061813,0.11824
1.5103,-0.0074393,2.4113
1.5207,0.0068727,2.0782
1.5209,9.2062e-05,0.044817
1.5206,-0.00016438,0.12697
1.5264,0.0038143,1.1653
1.5284,0.0013103,0.34233
1.5202,-0.0053651,1.8261
1.5264,0.0040784,1.2508
1.5206,-0.0038227,1.3007
1.5253,0.0031173,0.93955
1.5282,0.0019078,0.52238
1.5203,-0.0052087,1.7123
1.5253,0.0033218,0.96086
1.5248,-0.00033108,0.18381
1.5264,0.0010493,0.25233
1.5279,0.0009827,0.23116
1.5313,0.0022253,0.62614
1.5264,-0.0031999,1.1147
1.5279,0.0009827,0.23521
1.5284,0.00032725,0.010034
1.5235,-0.003206,1.162
1.5303,0.0044634,1.3289
1.5227,-0.0049663,1.6499
1.5235,0.00052538,0.072012
1.5282,0.0030817,0.86989
1.5237,-0.0029479,1.008
1.5302,0.0042791,1.2244
1.5229,-0.0047935,1.4951
1.5237,0.00053517,0.056026
1.5234,-0.00019033,0.1417
1.5235,6.5643e-05,0.077033
1.5254,0.0012471,0.27415
1.5273,0.0012456,0.26731
1.5215,-0.0037976,1.2148
1.5254,0.0025633,0.60781
1.5236,-0.0011997,0.45663
1.5255,0.001293,0.28251
1.5272,0.0010586,0.21116
1.5214,-0.0037848,1.2633
1.5255,0.0027377,0.69768
1.5254,-9.1771e-05,0.1348
1.5254,0,0.11297
1.5227,-0.00177,0.63997
1.5289,0.0040717,1.1406
1.5192,-0.0063771,1.9897
1.5227,0.0023368,0.56028
1.5255,0.0018093,0.41302
1.523,-0.0016356,0.59041
1.529,0.0039495,1.052
1.5192,-0.0063834,1.9117
1.523,0.0024651,0.59608
1.5229,-3.9397e-05,0.11455
1.5225,-0.00026266,0.18523
1.5238,0.00085386,0.15979
1.5245,0.00045938,0.029669
1.5169,-0.0049852,1.7533
1.5238,0.0045488,1.315
1.5225,-0.00087282,0.40185
1.5236,0.00074221,0.10293
1.5244,0.0005382,0.038153
1.5168,-0.0049724,1.7417
1.5236,0.0044566,1.2822
1.5232,-0.00022972,0.2112
1.5238,0.00036107,0.028157
1.5239,6.5625e-05,0.10757
1.5278,0.0025592,0.71046
1.5216,-0.0040581,1.4664
1.5239,0.0015116,0.3711
1.5237,-0.00010827,0.16706
1.5222,-0.0010107,0.46088
1.5276,0.0035245,1.0792
1.5216,-0.0038951,1.4128
1.5222,0.00038446,0.0048627
1.5225,0.00016752,0.067519
1.524,0.0010181,0.21915
1.5239,-6.5617e-05,0.16194
1.5253,0.0009187,0.18539
1.522,-0.0021635,0.88116
1.5239,0.0012484,0.29734
1.5238,-6.5621e-05,0.17688
1.5228,-0.00065625,0.39116
1.5263,0.0022984,0.68078
1.5214,-0.0032104,1.3683
1.5228,0.00092021,0.17729
1.5239,0.00070922,0.10222
1.5228,-0.00073168,0.4666
1.5261,0.0021901,0.69643
1.5214,-0.0030765,1.4202
1.5228,0.00089391,0.18783
1.5229,8.8655e-05,0.13262
1.5229,0,0.18316
1.5183,-0.0030206,1.5404
1.5243,0.0039518,1.5537
1.5154,-0.0058387,2.4915
1.5183,0.0019137,0.61322
1.5229,0.0030297,1.0573
1.5182,-0.0031125,1.4065
1.5242,0.0039489,1.4231
1.5154,-0.0057343,2.4499
1.5182,0.0018114,0.57251
1.5185,0.00022396,0.05922
1.5185,0,0.16151
1.5161,-0.0015805,0.83551
1.5186,0.001649,0.56178
1.5139,-0.003095,1.5025
1.5161,0.0014532,0.47749
1.5183,0.0014808,0.48937
1.5162,-0.0014226,0.78737
1.5186,0.0015994,0.54491
1.514,-0.0030423,1.5492
1.5162,0.0014498,0.49534
1.5165,0.00017478,0.077919
1.5163,-9.8915e-05,0.21195
1.5214,0.0033635,1.5444
1.5239,0.0016432,0.62143
1.515,-0.0058403,2.9584
1.5214,0.0042244,1.7703
1.5163,-0.0033653,1.6323
1.5214,0.0033734,1.3888
1.5238,0.0016038,0.58372
1.515,-0.0057847,2.7006
1.5214,0.0042079,1.7399
1.5216,0.00016761,0.055505
1.5214,-0.0001643,0.2048
1.5177,-0.002432,1.1602
1.522,0.0028332,1.1691
1.5156,-0.004205,1.9419
1.5177,0.0013856,0.53334
1.5214,0.0024115,1.0314
1.5173,-0.002672,1.266
1.5219,0.0030647,1.1997
1.5157,-0.0041263,1.8983
1.5173,0.0010754,0.35423
1.5179,0.00039874,0.080612
1.5178,-6.588e-05,0.15397
1.5182,0.00026354,0.026868
1.5185,0.0001976,0.019868
1.5122,-0.0041488,1.8383
1.5182,0.0039677,1.5704
1.5177,-0.00032934,0.2253
1.5172,-0.00032945,0.21523
1.5186,0.00092275,0.30744
1.5138,-0.0031608,1.4217
1.5172,0.002246,0.8582
1.5177,0.00031967,0.045916
1.5173,-0.00025368,0.22587
1.5186,0.0008469,0.29893
1.5139,-0.0030917,1.5767
1.5173,0.0022525,0.97478
1.517,-0.00023067,0.21077
1.517,3.2961e-05,0.086234
1.522,0.003296,1.5318
1.5226,0.00039422,0.08896
1.5166,-0.0039406,2.0785
1.522,0.0035606,1.5993
1.5172,-0.0031735,1.5903
1.5221,0.0032396,1.4233
1.5226,0.00034821,0.064581
1.5167,-0.0039176,2.0015
1.5221,0.0035836,1.4972
1.5219,-8.8694e-05,0.12492
1.522,3.2853e-05,0.078985
1.5259,0.0025624,1.0978
1.5271,0.00078642,0.25554
1.5214,-0.0037326,1.7505
1.5259,0.0029578,1.1459
1.522,-0.0025788,1.1636
1.5259,0.0025723,0.98507
1.5268,0.00063242,0.17049
1.5214,-0.0035596,1.5378
1.5259,0.0029381,1.0402
1.5255,-0.00021627,0.1776
1.5258,0.00016388,0.032295
1.5325,0.0043911,1.6903
1.5337,0.00078303,0.2082
1.5232,-0.0068462,2.7372
1.5325,0.0061056,2.0971
1.5258,-0.0043785,1.5791
1.5325,0.004401,1.4203
1.5334,0.00061011,0.12322
1.5232,-0.0066615,2.3956
1.5325,0.0060923,1.9722
1.5324,-6.8515e-05,0.11904
1.5324,0,0.10047
1.5354,0.0019577,0.57644
1.5356,0.00013026,0.038169
1.5322,-0.0022141,0.82663
1.5354,0.0020885,0.59706
1.5323,-0.0020092,0.75773
1.5331,0.00049598,0.090686
1.5355,0.0015753,0.43007
1.5315,-0.002579,0.94892
1.5331,0.0010088,0.23708
1.5465,0.0087243,2.9054
1.5347,-0.007598,2.7916
1.535,0.00019548,0.031776
1.5374,0.0015635,0.44387
1.5342,-0.0020814,0.83658
1.535,0.00052144,0.097376
1.5352,0.00013029,0.059309
1.5306,-0.0029964,1.1913
1.5368,0.0040507,1.3304
1.5293,-0.0048803,1.7819
1.5306,0.00085006,0.18461
1.5352,0.003025,0.90356
1.5305,-0.0031103,1.1627
1.5368,0.0041164,1.1751
1.5292,-0.0049032,1.5396
1.5305,0.0008076,0.15193
1.5307,0.00012741,0.048344
1.5307,3.2666e-05,0.076744
1.5297,-0.0006533,0.26194
1.5337,0.0026149,0.70662
1.5268,-0.0044989,1.4105
1.5297,0.0018994,0.48477
1.5305,0.00051317,0.082092
1.5298,-0.0004247,0.2123
1.5336,0.0024741,0.68461
1.5267,-0.0045285,1.5113
1.5298,0.0020699,0.56125
1.53,0.00014054,0.027473
1.5301,3.2679e-05,0.063517
1.5285,-0.0010457,0.40818
1.5304,0.001243,0.34387
1.5264,-0.0026137,0.95035
1.5285,0.0013758,0.38265
1.5299,0.00091266,0.23755
1.5287,-0.00080071,0.41215
1.5304,0.0011088,0.32044
1.5264,-0.0025615,1.0561
1.5287,0.0014576,0.46413
1.5287,1.9625e-05,0.083794
1.5285,-0.00013083,0.16178
1.5292,0.00045797,0.11444
1.5306,0.00091551,0.31473
1.5245,-0.0039854,1.8872
1.5292,0.003083,1.1241
1.5285,-0.00042833,0.26343
1.5291,0.00035001,0.037311
1.5305,0.00095809,0.3193
1.5245,-0.0039496,1.962
1.5291,0.0030043,1.1295
1.5288,-0.00021582,0.22074
1.529,0.00016353,0.072078
1.5281,-0.00058862,0.3857
1.5302,0.0013743,0.51727
1.5253,-0.0032022,1.5913
1.5281,0.0018357,0.63868
1.529,0.00055952,0.1216
1.5287,-0.00017659,0.20994
1.53,0.00088311,0.28618
1.5249,-0.003379,1.7454
1.5287,0.0025051,1.0456
1.5284,-0.00018643,0.19371
1.5281,-0.00019628,0.21916
1.5275,-0.00039264,0.27777
1.5288,0.00085106,0.34025
1.5267,-0.0013736,0.83704
1.5275,0.00052401,0.18043
1.5276,6.5466e-05,0.061545
1.5237,-0.002553,1.5127
1.5291,0.003544,1.8196
1.5215,-0.0049702,2.6099
1.5237,0.0014459,0.64212
1.5276,0.0025563,1.1982
1.5236,-0.002589,1.4032
1.5289,0.0034818,1.6616
1.5215,-0.004889,2.5688
1.5236,0.0014263,0.63226
1.524,0.00023628,0.036343
1.5237,-0.00019685,0.19964
1.5355,0.0077443,4.0184
1.5366,0.00071638,0.28457
1.5217,-0.0096967,5.3417
1.5355,0.0090688,4.7126
1.5237,-0.0076946,3.99
1.5355,0.0077509,3.8367
1.5365,0.00067079,0.24895
1.5217,-0.0096191,5.2999
1.5355,0.0090357,4.695
1.5356,0.00010094,0.039809
1.5356,-3.256e-05,0.11242
1.5395,0.0025397,1.2542
1.5404,0.00058461,0.21476
1.5349,-0.0035705,2.0404
1.5395,0.0029969,1.4936
1.5356,-0.0025268,1.418
1.5397,0.0026472,1.257
1.5404,0.00048712,0.14023
1.535,-0.0035282,2.1171
1.5397,0.0030521,1.4664
1.5393,-0.00021108,0.22074
1.5396,0.00016241,0.028814
1.5346,-0.0032476,1.8169
1.5401,0.003584,1.7904
1.5343,-0.003766,2.0917
1.5346,0.00019553,0.016296
1.5396,0.0032614,1.6216
1.5346,-0.0032411,1.8135
1.5401,0.0035742,1.6253
1.5344,-0.0037173,1.638
1.5346,0.00015642,0.009716
1.5339,-0.00043333,0.28411
1.5347,0.00048893,0.17059
1.5354,0.00045612,0.15342
1.5363,0.00058617,0.22421
1.5308,-0.00358,2.0517
1.5354,0.003005,1.5483
1.5345,-0.00056988,0.40897
1.5372,0.0017432,0.86092
1.5372,0,0.096367
1.5307,-0.0042057,2.3539
1.5372,0.0042235,2.1439
1.5368,-0.00026021,0.23313
1.5349,-0.0012363,0.76
1.5336,-0.00084696,0.53505
1.5378,0.0027387,1.3626
1.5335,-0.0027962,1.5487
1.5336,6.521e-05,0.049163
1.5341,0.00032603,0.088027
1.5336,-0.00032592,0.26365
1.5357,0.0013693,0.65727
1.5315,-0.0027349,1.5788
1.5336,0.0013712,0.64011
1.5339,0.00021844,0.029388
1.5334,-0.00037811,0.30792
1.5356,0.001438,0.69508
1.5316,-0.0025593,1.4467
1.5334,0.0011263,0.50799
1.5334,2.9347e-05,0.070466
1.5334,0,0.086609
1.5397,0.0041085,2.1466
1.5402,0.00032474,0.085971
1.5328,-0.0048046,2.6838
1.5397,0.0045016,2.288
1.5334,-0.004069,2.1283
1.5399,0.0042225,2.0417
1.5403,0.00022729,0.032346
1.5327,-0.0049148,2.562
1.5399,0.0047107,2.0896
1.5399,2.5976e-05,0.059292
1.5399,-3.2469e-05,0.089799
1.5376,-0.0014936,0.83134
1.5435,0.0038371,1.6939
1.5363,-0.0046647,2.0879
1.5376,0.00084619,0.28622
1.5398,0.0014471,0.53664
1.5376,-0.001419,0.6916
1.5434,0.003746,1.555
1.5362,-0.0046521,2.0526
1.5376,0.00092435,0.3188
1.5376,6.5035e-06,0.063726
1.5378,9.7551e-05,0.026389
1.5333,-0.0029263,1.3512
1.5397,0.004174,1.7257
1.5309,-0.0057154,2.4484
1.5333,0.0015677,0.47102
1.5377,0.0028729,0.90755
1.5332,-0.0029525,0.89155
1.5396,0.0041711,1.1079
1.5308,-0.0057159,1.5816
1.5332,0.0015711,0.37351
1.5333,5.5441e-05,0.03439
1.5333,3.261e-05,0.04167
1.536,0.0017609,0.45223
1.5371,0.00071615,0.1862
1.5318,-0.0034481,1.496
1.536,0.0027419,1.0704
1.5333,-0.001748,0.79483
1.536,0.0017381,0.59812
1.5369,0.00059897,0.16654
1.5318,-0.0033379,1.318
1.536,0.0027485,0.98093
1.5367,0.00046876,0.097324
1.5361,-0.00039045,0.21339
1.536,-6.51e-05,0.093059
1.5366,0.00039062,0.09792
1.5354,-0.00078094,0.40112
1.536,0.00039078,0.10967
1.5359,-6.5104e-05,0.095933
1.5353,-0.00039065,0.2343
1.5373,0.0013027,0.53041
1.5346,-0.0017563,0.86428
1.5353,0.00045614,0.1485
1.5358,0.00034521,0.098452
1.5353,-0.00036462,0.25068
1.5371,0.001218,0.52488
1.5347,-0.0016004,0.88467
1.5353,0.00038444,0.12943
1.5351,-0.00011073,0.1195
1.5354,0.00019543,0.035091
1.5364,0.0006513,0.2768
1.537,0.00039052,0.12519
1.5328,-0.0027326,1.5966
1.5364,0.0023486,1.1927
1.5353,-0.00073223,0.49853
1.5367,0.00091189,0.41563
1.537,0.00018221,0.0035524
1.5329,-0.0026221,1.6138
1.5367,0.0024463,1.3164
1.5366,-8.1344e-05,0.14491
1.5366,3.254e-05,0.084554
1.5366,0,0.084205
1.5391,0.001627,0.89518
1.5356,-0.0022741,1.3612
1.5366,0.00065121,0.2982
1.5367,5.5317e-05,0.01364
1.5367,1.3015e-05,0.036754
1.5391,0.001552,0.83843
1.5347,-0.0028393,1.5702
1.5367,0.0012934,0.65513
1.5369,0.00012689,0.024469
1.5368,-6.5066e-05,0.10084
1.5346,-0.0014315,0.86897
1.538,0.0022156,1.1831
1.5317,-0.0040962,2.3938
1.5346,0.0018933,0.98166
1.5367,0.0013978,0.70853
1.5347,-0.001321,0.84238
1.5379,0.002046,1.0494
1.5317,-0.0039731,2.2636
1.5347,0.001939,0.95269
1.5347,-4.2353e-05,0.10312
1.5345,-9.7742e-05,0.1347
1.5239,-0.0069078,3.6264
1.5356,0.0076777,3.7531
1.5225,-0.0085309,4.2121
1.5239,0.00091954,0.39584
1.5347,0.0070838,3.3975
1.5162,-0.012051,5.7112
1.5355,0.012732,5.8801
1.5162,-0.012572,5.9427
1.5162,0,0.051945
1.5161,-6.5954e-05,0.064358
1.5239,0.0051448,2.3046
1.5243,0.00026248,0.084569
1.5247,0.00026242,0.070521
1.5233,-0.00091821,0.50218
1.5243,0.00065647,0.28265
1.524,-0.00019681,0.15909
1.5287,0.003084,1.5926
1.5291,0.00026166,0.076931
1.5236,-0.0035969,1.9957
1.5287,0.0033473,1.6985
1.5241,-0.0030058,1.6813
1.5288,0.0030543,1.5426
1.5291,0.0002453,0.045507
1.5237,-0.0035805,1.908
1.5288,0.0033472,1.631
1.5291,0.0001897,0.017953
1.5286,-0.0002943,0.27822
1.5353,0.0043831,2.3854
1.5363,0.00065134,0.24353
1.5278,-0.0055328,3.0115
1.5353,0.004909,2.4808
1.5287,-0.0043021,2.3641
1.5352,0.0042487,2.1335
1.5362,0.00064487,0.23791
1.5278,-0.0054356,3.2782
1.5352,0.0048173,2.6938
1.5353,7.1652e-05,0.070426
1.5353,0,0.11696
1.5295,-0.0037778,2.4177
1.536,0.0042498,2.4647
1.5287,-0.0047526,2.8804
1.5295,0.00052332,0.19545
1.5353,0.0037921,2.0891
1.5296,-0.0037159,2.2765
1.536,0.004158,2.3011
1.5287,-0.0047267,2.8653
1.5296,0.00058874,0.23334
1.5298,0.00016671,0.011148
1.5295,-0.00022878,0.25154
1.53,0.0003269,0.092983
1.5325,0.001634,0.89024
1.5261,-0.0041762,2.6457
1.53,0.0025555,1.3728
1.5294,-0.00035948,0.28542
1.5299,0.00031057,0.06521
1.5324,0.001621,0.75095
1.5263,-0.0040068,2.0319
1.5299,0.002398,1.0392
1.53,8.1703e-05,0.052001
1.53,-3.2679e-05,0.10613
1.519,-0.0071895,3.4594
1.5302,0.0073733,3.3348
1.5175,-0.0082996,3.8738
1.519,0.00098847,0.35405
1.53,0.0072449,3.2225
1.5171,-0.0084673,3.7361
1.5302,0.0086517,3.4347
1.5164,-0.0089924,3.5781
1.5171,0.00041875,0.090633
1.5161,-0.00062622,0.29705
1.5194,0.0021766,0.77537
1.5189,-0.00032908,0.195
1.5204,0.00098756,0.31488
1.5187,-0.0011181,0.50057
1.5189,0.00013169,0.0057606
1.5191,0.00013167,0.0071111
1.522,0.001909,0.78212
1.5224,0.00026281,0.046095
1.5191,-0.0021676,0.95176
1.522,0.001909,0.67756
1.5192,-0.0018134,0.77612
1.5219,0.0017739,0.62184
1.5224,0.00033181,0.059861
1.5192,-0.0021019,0.92485
1.5219,0.0017739,0.61517
1.522,7.5562e-05,0.0561
1.5219,-9.8551e-05,0.12602
1.5256,0.0024312,0.87797
1.5279,0.0015076,0.50991
1.521,-0.004516,1.9089
1.5256,0.0030243,1.0747
1.5219,-0.0024482,1.0479
1.5257,0.0025101,0.87525
1.5279,0.0014715,0.4422
1.521,-0.0045454,1.7422
1.5257,0.0030901,0.95903
1.5255,-8.8485e-05,0.10954
1.5258,0.00016388,0.030294
1.5147,-0.0072749,2.5331
1.5316,0.011157,3.5042
1.5124,-0.012536,3.9916
1.5147,0.0015208,0.39552
1.5257,0.0072688,2.2471
1.5146,-0.0072753,2.4143
1.5324,0.011765,3.5929
1.5124,-0.013041,4.1494
1.5146,0.0014315,0.36765
1.5145,-7.2626e-05,0.10446
1.5146,6.6028e-05,0.063374
1.5128,-0.0011884,0.48749
1.5161,0.0021814,0.6518
1.5074,-0.0057384,2.0989
1.5128,0.0035823,1.1363
1.5147,0.0012725,0.33793
1.5126,-0.0014227,0.53691
1.516,0.0022677,0.6567
1.5074,-0.0056629,1.8951
1.5126,0.0034198,1.0211
1.5129,0.00021817,0.00020728
1.5128,-6.6098e-05,0.0954
1.5083,-0.0029746,1.0507
1.5142,0.0039117,1.2256
1.5056,-0.0056796,1.9448
1.5083,0.0017933,0.50559
1.5128,0.0029735,0.91549
1.5071,-0.003791,1.3205
1.5139,0.0045619,1.3769
1.5057,-0.0054428,1.7632
1.5071,0.00090656,0.21676
1.5069,-9.9532e-05,0.088623
1.5084,0.00099542,0.25304
1.5111,0.00179,0.52806
1.5134,0.0015221,0.43568
1.5084,-0.0033038,1.2332
1.5111,0.00179,0.53946
1.5104,-0.00046324,0.24486
1.5165,0.0040387,1.402
1.5171,0.00039565,0.053985
1.5101,-0.0046141,1.7468
1.5165,0.0042381,1.4084
1.5103,-0.0040851,1.5582
1.5164,0.0040489,1.341
1.5169,0.00034621,0.020717
1.51,-0.0045618,1.7282
1.5164,0.004235,1.4073
1.5162,-0.00014508,0.1539
1.5163,6.5954e-05,0.082729
1.511,-0.0034954,1.3981
1.5177,0.0044341,1.4591
1.5076,-0.0066548,2.4161
1.511,0.0022552,0.66597
1.5163,0.0035374,1.0898
1.5111,-0.0034919,1.249
1.5176,0.0043083,1.3446
1.5074,-0.0066884,2.2342
1.5111,0.0024147,0.67454
1.5111,3.309e-05,0.064098
1.5112,6.6177e-05,0.054284
1.5159,0.0031101,0.91569
1.5187,0.0018141,0.48633
1.5109,-0.0051032,1.7137
1.5159,0.0033093,0.95573
1.5111,-0.00314,1.0907
1.5158,0.0031102,0.89257
1.5187,0.0019032,0.4984
1.5108,-0.0052149,1.7491
1.5158,0.0033327,0.96315
1.5163,0.00030346,0.0019511
1.5159,-0.0002638,0.18628
1.5112,-0.0031005,1.0795
1.5167,0.0036395,1.058
1.5107,-0.003956,1.3071
1.5112,0.00033097,0.013992
1.516,0.0032028,0.85398
1.5112,-0.0031925,0.96546
1.5167,0.0036196,0.86652
1.5108,-0.0038802,1.0649
1.5112,0.00027469,0.010483
1.5111,-6.6173e-05,0.094506
1.511,-6.6177e-05,0.094507
1.5147,0.0024487,0.53235
1.5164,0.0011223,0.19846
1.51,-0.0042205,1.1186
1.5147,0.0031126,0.68773
1.5111,-0.0023965,0.65773
1.5133,0.0014493,0.27839
1.5162,0.0019494,0.3956
1.51,-0.0040628,1.0711
1.5133,0.0021258,0.43676
1.5163,0.0019759,0.40056
1.5147,-0.0010223,0.33118
1.518,0.0021786,0.45116
1.519,0.00065876,0.0782
1.5112,-0.005135,1.3369
1.518,0.0044997,1.0101
1.518,0,0.082399
1.5172,-0.00052701,0.20388
1.5204,0.0021091,0.43275
1.516,-0.002894,0.78668
1.5172,0.00079156,0.11023
1.5181,0.00056683,0.055914
1.5175,-0.00037548,0.18849
1.5203,0.0018188,0.37183
1.5159,-0.0028383,0.90318
1.5175,0.0010258,0.19536
1.5178,0.00020428,0.043279
1.5176,-0.00013177,0.15842
1.5178,0.00013179,0.061794
1.5193,0.00098827,0.22363
1.5157,-0.0023695,0.91211
1.5178,0.0013855,0.33736
1.5176,-0.00012848,0.15051
1.5176,2.6357e-05,0.10516
1.5192,0.001051,0.25455
1.5156,-0.002363,0.92982
1.5176,0.0013163,0.33293
1.518,0.00026686,0.016833
1.5177,-0.00023056,0.19449
1.5159,-0.001186,0.53401
1.5202,0.0028366,0.92226
1.5155,-0.0030917,1.2103
1.5159,0.00026394,0.018916
1.5176,0.0011181,0.30014
1.5163,-0.00085003,0.43733
1.5201,0.0024863,0.81056
1.5154,-0.0030854,1.2448
1.5163,0.00060711,0.11732
1.5163,-3.2975e-06,0.11247
1.5161,-0.0001319,0.16966
1.5181,0.0013192,0.41796
1.5189,0.00052697,0.095879
1.5146,-0.002831,1.2575
1.5181,0.0023108,0.77664
1.5163,-0.0012186,0.544
1.5179,0.0011212,0.32375
1.5188,0.0005435,0.10382
1.5148,-0.0026436,1.1281
1.5179,0.0021059,0.69864
1.5179,0,0.099433
1.5182,0.0001647,0.040421
1.5245,0.0041497,1.5436
1.5249,0.00026238,0.0033468
1.5157,-0.0060332,2.5578
1.5245,0.0058059,2.1998
1.5181,-0.0041686,1.7621
1.5241,0.0039324,1.4563
1.5248,0.00044944,0.069915
1.5156,-0.0060434,2.406
1.5241,0.0056282,2.0414
1.5265,0.0015648,0.49309
1.5243,-0.0014412,0.69735
1.5246,0.00019681,0.029487
1.5257,0.0007215,0.18522
1.5216,-0.0026873,1.2546
1.5246,0.0019716,0.72124
1.5244,-0.00013118,0.17049
1.5273,0.0019024,0.71186
1.5288,0.00098213,0.3018
1.5241,-0.0030743,1.4436
1.5273,0.0020996,0.77589
1.5243,-0.0019544,0.91964
1.5272,0.0019189,0.68114
1.5287,0.00093633,0.27506
1.524,-0.0030222,1.4212
1.5272,0.0020931,0.77314
1.5274,0.0001375,0.056542
1.5274,-3.2734e-05,0.1348
1.514,-0.0087731,4.1536
1.5278,0.0091149,3.9313
1.5133,-0.0094908,4.1252
1.514,0.00046257,0.083367
1.5274,0.0088309,3.8041
1.5136,-0.0090155,4.1242
1.5277,0.0093056,3.8225
1.5133,-0.0093835,4.0798
1.5136,0.0001652,0.042369
1.5139,0.00023124,0.014178
1.5138,-9.9079e-05,0.16672
1.5105,-0.0021799,1.1295
1.5165,0.0039722,1.6545
1.5099,-0.0043521,1.9487
1.5105,0.00039738,0.062931
1.5138,0.0021648,0.80166
1.5108,-0.0019818,0.9479
1.5164,0.00371,1.4475
1.5102,-0.0040986,1.8417
1.5108,0.00040393,0.063695
1.5107,-4.6334e-05,0.12252
1.5109,0.00013239,0.050816
1.5219,0.0072804,3.3545
1.5267,0.003154,1.3946
1.51,-0.010939,4.9677
1.5219,0.0078808,3.4033
1.5108,-0.0072705,3.0986
1.5218,0.0072476,2.909
1.5266,0.0031673,1.2205
1.5101,-0.010802,4.4789
1.5218,0.0077279,3.0034
1.5225,0.00043699,0.076351
1.5219,-0.00036126,0.25564
1.5217,-0.00013141,0.15333
1.5229,0.00078859,0.2303
1.5122,-0.0070261,2.9483
1.5217,0.0062822,2.4163
1.5219,0.00010186,0.058193
1.5235,0.0010546,0.33343
1.5235,0,0.099087
1.5155,-0.0052085,2.1902
1.5235,0.0052358,1.972
1.5274,0.002619,0.89611
1.5238,-0.0023896,1.0113
1.5065,-0.011353,4.2303
1.5238,0.011484,4.0836
1.5047,-0.012534,4.6105
1.5065,0.0011963,0.32164
1.5075,0.00066379,0.14433
1.5057,-0.001194,0.52497
1.5119,0.0041177,1.3824
1.5007,-0.0074079,2.6202
1.5057,0.0033318,0.97052
1.5078,0.0013748,0.35157
1.5059,-0.0012535,0.56025
1.5119,0.0040275,1.3072
1.5007,-0.0074606,2.5401
1.5059,0.0034751,0.95545
1.5052,-0.00041836,0.2207
1.506,0.00049826,0.053253
1.5023,-0.0024568,0.88136
1.5111,0.0058577,1.6305
1.5016,-0.0062868,1.9042
1.5023,0.00046617,0.038132
1.5057,0.0022965,0.55022
1.5022,-0.002351,0.78351
1.511,0.0058214,1.5364
1.5015,-0.0062477,1.6819
1.5022,0.00046287,0.033219
1.5029,0.00045932,0.032335
1.5024,-0.00033269,0.18553
1.5181,0.01045,2.6301
1.5213,0.0021079,0.41836
1.4974,-0.01571,3.9705
1.5181,0.013824,3.2894
1.5025,-0.010306,2.6221
1.5183,0.010516,2.4679
1.5213,0.0019825,0.38186
1.4974,-0.015661,3.9973
1.5183,0.0139,3.3181
1.5176,-0.00039848,0.20019
1.518,0.00023062,0.046729
1.523,0.0032938,0.73193
1.5233,0.00019698,0.04991
1.5159,-0.0048579,1.2886
1.523,0.0046837,1.0467
1.5179,-0.0033224,0.90379
1.5229,0.0032379,0.68877
1.523,9.8499e-05,0.07243
1.5159,-0.0046618,1.2135
1.5229,0.0045847,0.99724
1.5217,-0.00075844,0.24514
1.5221,0.00026286,0.012013
1.5191,-0.001971,0.50617
1.5227,0.0023698,0.48444
1.5148,-0.0051882,1.2404
1.5191,0.0028387,0.57955
1.522,0.0019419,0.38679
1.5178,-0.0028153,0.69885
1.5226,0.0031922,0.65803
1.5147,-0.0051885,1.2679
1.5178,0.0020169,0.38754
1.5188,0.00064898,0.074548
1.5181,-0.00042798,0.19859
1.5182,6.5872e-05,0.062546
1.5186,0.00026347,0.0038011
1.5153,-0.0021731,0.58573
1.5182,0.0019138,0.42101
1.5181,-6.5867e-05,0.084273
1.518,-6.5872e-05,0.084274
1.523,0.0032938,0.77622
1.5157,-0.0047932,1.255
1.518,0.0015175,0.28539
1.5181,7.9051e-05,0.061572
1.5183,9.2219e-05,0.05949
1.523,0.0030989,0.72631
1.5155,-0.0048721,1.2893
1.5183,0.0017914,0.37107
1.5186,0.00022394,0.0098488
1.5177,-0.00059265,0.21919
1.5176,-6.5889e-05,0.080575
1.5188,0.00079072,0.1402
1.5095,-0.0061233,1.6357
1.5176,0.005366,1.3194
1.5178,0.00014826,0.025382
1.5177,-8.5649e-05,0.086401
1.5188,0.00069513,0.12677
1.5094,-0.0061695,1.8062
1.5177,0.0055089,1.4868
1.5168,-0.00062265,0.23926
1.5178,0.00069227,0.13666
1.5328,0.0098827,3.0006
1.534,0.00078288,0.16329
1.5163,-0.011538,3.4636
1.5328,0.010882,2.9938
1.5178,-0.0098056,2.7057
1.5329,0.0099521,2.6124
1.5335,0.00039142,0.038943
1.5165,-0.01104,3.0425
1.5329,0.010768,2.7348
1.5319,-0.00063606,0.23031
1.5319,0,0.068407
1.5364,0.0029375,0.72427
1.5383,0.0012367,0.25732
1.5251,-0.0086134,2.3893
1.5364,0.0074424,1.9324
1.5319,-0.0029354,0.86095
1.5369,0.0032639,0.80771
1.5382,0.00084912,0.15231
1.5251,-0.0085295,2.2855
1.5369,0.0077472,1.909
1.5365,-0.00028629,0.14015
1.5343,-0.0013993,0.43214
1.5332,-0.00071694,0.25939
1.5456,0.0081203,2.1387
1.532,-0.0088312,2.3597
1.5332,0.00078329,0.14453
1.5343,0.00069136,0.11968
1.516,-0.011898,3.5328
1.5455,0.019489,5.1793
1.516,-0.019116,5.0331
1.516,0,0.064137
1.5167,0.00042546,0.053698
1.5328,0.010648,3.0257
1.5334,0.00039144,0.038948
1.5371,0.0024129,0.58307
1.532,-0.0033179,1.0344
1.5334,0.00091384,0.19405
1.5334,0,0.08098
1.5381,0.0030651,0.86724
1.5397,0.0010402,0.23082
1.5329,-0.0044164,1.3517
1.5381,0.0033923,0.91499
1.5335,-0.0030102,0.87666
1.5382,0.0030584,0.75681
1.5395,0.00089067,0.17332
1.533,-0.004274,1.3105
1.5382,0.0033987,0.91685
1.538,-0.00010402,0.094413
1.538,0,0.071774
1.5404,0.0015605,0.41024
1.5407,0.00019475,0.015997
1.531,-0.0062958,2.0122
1.5404,0.0061398,1.8245
1.5381,-0.0015191,0.51342
1.5403,0.0014791,0.38025
1.5446,0.0027397,0.78386
1.5309,-0.0088245,2.8802
1.5403,0.0061466,1.8537
1.5406,0.00017204,0.028041
1.5402,-0.00025964,0.16569
1.545,0.0031165,0.9938
1.5458,0.0005178,0.0807
1.5387,-0.0045931,1.608
1.545,0.0040944,1.231
1.5403,-0.003068,1.0184
1.5447,0.0028761,0.76442
1.5458,0.00070241,0.11246
1.5386,-0.0046417,1.4904
1.5447,0.0039581,1.0889
1.5448,7.1212e-05,0.076851
1.5451,0.0001942,0.045713
1.5451,0,0.083609
1.551,0.0038185,1.2382
1.5428,-0.0052869,1.6268
1.5451,0.0014908,0.34244
1.5451,-1.9416e-05,0.089818
1.5449,-8.7375e-05,0.11746
1.5509,0.0038804,1.0461
1.5429,-0.0052033,1.4867
1.5449,0.0013449,0.26916
1.5447,-0.00015211,0.12404
1.545,0.00019421,0.033736
1.5458,0.0005178,0.087897
1.5478,0.0012938,0.29319
1.5427,-0.003295,1.138
1.5458,0.0020095,0.50596
1.545,-0.00051106,0.30962
1.546,0.00065695,0.11983
1.5477,0.0010802,0.2363
1.5427,-0.00325,1.2551
1.546,0.002178,0.55058
1.5458,-0.00011319,0.1623
1.5459,3.2345e-05,0.12903
1.5458,-6.4687e-05,0.16624
1.5464,0.00038815,0.0011963
1.5428,-0.002328,0.99113
1.5458,0.0019445,0.53339
1.5459,6.4691e-05,0.11908
1.545,-0.00058219,0.36652
1.5469,0.0012298,0.31675
1.5416,-0.0034262,1.439
1.545,0.0022055,0.73175
1.546,0.00064725,0.12982
1.5451,-0.00055951,0.35797
1.547,0.0012135,0.36488
1.5416,-0.0034841,1.6462
1.5451,0.0022801,0.80225
1.5451,-5.5011e-05,0.13711
1.5451,3.2361e-05,0.10452
1.549,0.0025241,1.0618
1.5531,0.0026469,0.95023
1.5436,-0.0061168,2.5755
1.549,0.0034983,1.2691
1.5451,-0.0025016,1.0678
1.5488,0.0023784,0.79787
1.5531,0.0027537,0.94135
1.5437,-0.0060107,2.4135
1.5488,0.0032843,1.1442
1.5485,-0.0001937,0.17702
1.5487,0.00012916,0.062046
1.5481,-0.00038742,0.22664
1.5536,0.0035527,1.308
1.5468,-0.0043769,1.7847
1.5481,0.00084044,0.20031
1.5487,0.00040695,0.044156
1.548,-0.0004423,0.3536
1.5536,0.0035981,1.3232
1.5469,-0.0043254,1.765
1.548,0.00074342,0.17279
1.5481,3.5529e-05,0.10241
1.5481,0,0.13455
1.5401,-0.0051676,2.5202
1.5502,0.006558,2.4784
1.5377,-0.0080635,3.2163
1.5401,0.0015608,0.51702
1.5482,0.0052659,1.9753
1.5401,-0.0052609,2.1247
1.5501,0.0064965,2.3844
1.5377,-0.0079513,2.8928
1.5401,0.0015087,0.46675
1.5405,0.00028246,0.031336
1.5404,-6.4914e-05,0.098155
1.5452,0.0031161,1.138
1.5465,0.00084132,0.25192
1.5375,-0.0058196,2.6342
1.5452,0.0050081,1.8749
1.5403,-0.0031485,1.302
1.5463,0.0038433,1.4212
1.5465,0.00018755,0.0026236
1.5376,-0.0057968,2.2671
1.5463,0.005642,1.9344
1.5451,-0.00074697,0.31779
1.5443,-0.00051777,0.25281
1.5453,0.00064754,0.17245
1.5473,0.0012942,0.41618
1.5436,-0.0023913,0.97817
1.5453,0.0011013,0.34381
1.5449,-0.00025885,0.19608
1.5412,-0.002395,1.2979
1.547,0.0037633,1.5428
1.5398,-0.0046542,1.8343
1.5412,0.00090921,0.27126
1.5451,0.0025175,0.87861
1.5406,-0.0029319,1.1827
1.5469,0.0041446,1.4931
1.5399,-0.004538,1.7904
1.5406,0.00041236,0.08364
1.5411,0.00035702,0.06274
1.5413,0.00012978,0.027885
1.5401,-0.00077856,0.48657
1.5469,0.0044153,2.1203
1.5393,-0.0049131,2.2043
1.5401,0.00051972,0.12418
1.5412,0.00074021,0.23724
1.5403,-0.00061639,0.44469
1.547,0.0043693,2.0972
1.5389,-0.0052262,2.434
1.5403,0.00088048,0.24911
1.5404,3.8954e-05,0.088806
1.5402,-9.738e-05,0.17466
1.5387,-0.0009739,0.58461
1.5422,0.0022746,1.0459
1.535,-0.0047011,2.1938
1.5387,0.0024431,0.84738
1.5401,0.0009391,0.27203
1.5388,-0.0008668,0.42661
1.5421,0.0021315,0.83481
1.5355,-0.0042864,1.6914
1.5388,0.0021687,0.67919
1.539,9.0979e-05,0.02266
1.5386,-0.00022743,0.13077
1.5383,-0.00019498,0.11466
1.5405,0.0014302,0.45967
1.534,-0.0042194,1.5713
1.5383,0.0028031,0.89566
1.5386,0.00022427,0.021816
1.5381,-0.00034121,0.18981
1.5403,0.0014336,0.4318
1.5341,-0.0040511,1.4769
1.5381,0.0026302,0.82535
1.5389,0.00047461,0.089094
1.5384,-0.00029243,0.19037
1.5394,0.00065003,0.15407
1.5401,0.00045472,0.086319
1.5317,-0.0054542,2.0296
1.5394,0.0050271,1.6132
1.5345,-0.0031701,1.1731
1.5345,0,0.0689
1.5345,0,0.0689
1.5345,0,0.0689
1.5345,0,0.053738
1.5339,-0.00037145,0.19681
1.536,0.0013364,0.5793
1.5381,0.0013672,0.62223
1.5386,0.00032508,0.088159
1.5358,-0.0018198,1.0762
1.5381,0.0014976,0.72706
1.5382,6.5015e-05,0.050939
1.5249,-0.0086465,4.8426
1.5393,0.0094432,4.9496
1.5237,-0.010134,5.4529
1.5249,0.00078756,0.32457
1.5389,0.0091875,4.7831
1.5239,-0.0097374,5.4706
1.5392,0.010053,5.1064
1.5236,-0.010132,5.1623
1.5239,0.00018049,0.010697
1.5253,0.00090228,0.37384
1.5255,0.00013112,0.02784
1.5171,-0.0055064,2.9158
1.5291,0.0079098,3.8817
1.5166,-0.0081747,4.174
1.5171,0.00032968,0.072739
1.5256,0.0055896,2.764
1.5173,-0.0053947,2.912
1.5291,0.0077536,3.8705
1.5165,-0.0082335,4.304
1.5173,0.00054401,0.18407
1.5171,-0.00019771,0.20091
1.5171,3.2959e-05,0.081652
1.5066,-0.0069211,3.8406
1.5218,0.010089,5.1613
1.4992,-0.014851,7.7279
1.5066,0.004936,2.4277
1.517,0.0069262,2.7634
1.5065,-0.0069181,2.8765
1.5218,0.010119,4.0618
1.4993,-0.014762,6.0662
1.5065,0.0048155,1.9051
1.5062,-0.00025887,0.13291
1.5075,0.00089633,0.31143
1.5159,0.0055721,2.7491
1.518,0.0013853,0.49996
1.5035,-0.009552,4.081
1.5159,0.0082474,2.7625
1.5075,-0.0055215,1.9201
1.5166,0.0059866,1.972
1.518,0.00094952,0.25914
1.5037,-0.0094368,3.1758
1.5166,0.008569,2.7565
1.5163,-0.00016814,0.12207
1.5163,0,0.068448
1.5227,0.0042208,1.3748
1.5239,0.00078807,0.21384
1.5126,-0.0074152,2.6379
1.5227,0.0066772,2.2264
1.5164,-0.0041275,1.4994
1.519,0.0017344,0.53388
1.5239,0.0031829,1.0238
1.5126,-0.007389,2.5011
1.519,0.0042476,1.2652
1.522,0.0019453,0.54514
1.5256,0.0023653,0.68879
1.5247,-0.00058993,0.27869
1.5272,0.0016397,0.4578
1.5232,-0.0026192,0.93276
1.5247,0.00098477,0.2492
1.5239,-0.00052469,0.26361
1.524,6.5621e-05,0.045057
1.5264,0.0015748,0.45216
1.5208,-0.0036688,1.3004
1.524,0.0021042,0.58969
1.5235,-0.00029856,0.18477
1.524,0.0003249,0.017003
1.5264,0.0015584,0.46168
1.5208,-0.0036589,1.4146
1.524,0.0021107,0.62157
1.5244,0.00020341,0.024097
1.5243,-3.2801e-05,0.11116
1.5302,0.0038706,1.3025
1.5318,0.0010456,0.26487
1.5193,-0.0081603,2.9918
1.5302,0.0071744,2.2077
1.5241,-0.0039635,1.3
1.5302,0.0039826,1.1088
1.5317,0.00099987,0.20458
1.5194,-0.0080497,2.5394
1.5302,0.007108,1.7732
1.5292,-0.0006241,0.22122
1.5297,0.00029426,0.0086609
1.5304,0.00045761,0.03576
1.5323,0.0012415,0.24714
1.5223,-0.0065261,1.848
1.5304,0.0053209,1.1615
1.5296,-0.00052601,0.17828
1.5308,0.00080413,0.1114
1.5322,0.00089494,0.15369
1.5222,-0.0065266,2.2092
1.5308,0.0056694,1.4405
1.5304,-0.00027763,0.15607
1.5306,0.00013068,0.061138
1.5298,-0.00052267,0.21304
1.5326,0.0018303,0.33402
1.5242,-0.0054809,1.3658
1.5298,0.0036741,0.69565
1.5305,0.00047392,0.016025
1.5294,-0.00075464,0.24894
1.5326,0.0021218,0.34499
1.5242,-0.0055135,1.2197
1.5294,0.003415,0.6016
1.5293,-4.577e-05,0.10965
1.5298,0.00032695,0.031033
1.5318,0.0013074,0.20427
1.5323,0.00032641,0.015631
1.5263,-0.0039157,1.221
1.5318,0.0036035,0.90321
1.5297,-0.0013416,0.49166
1.5319,0.0013989,0.28484
1.5322,0.00017625,0.061597
1.5263,-0.0038018,1.1888
1.5319,0.0036394,0.91968
1.5318,-5.5487e-05,0.12726
1.5296,-0.0014362,0.66591
1.5317,0.0013729,0.34798
1.532,0.00019586,0.074379
1.5291,-0.001893,0.8901
1.5317,0.0017003,0.5203
1.5314,-0.00019586,0.23011
1.5304,-0.000653,0.37328
1.534,0.0023523,0.77183
1.5285,-0.0035854,1.5493
1.5304,0.001243,0.33138
1.5314,0.00064689,0.099616
1.5303,-0.00069871,0.47843
1.5339,0.0023361,0.80315
1.5285,-0.0035172,1.6153
1.5303,0.0011907,0.32989
1.5309,0.00034633,0.020721
1.5305,-0.00022863,0.30813
1.5277,-0.0018295,1.0582
1.5322,0.0029456,1.2172
1.5263,-0.0038507,1.8208
1.5277,0.00091725,0.25516
1.5305,0.0018001,0.63659
1.5277,-0.0017969,0.97326
1.5321,0.0028965,1.1645
1.5263,-0.0038117,1.8924
1.5277,0.00092709,0.27206
1.5285,0.00049093,0.074428
1.5278,-0.00042527,0.35922
1.5286,0.00052363,0.095522
1.5292,0.00039252,0.027296
1.5237,-0.0035967,1.9846
1.5286,0.0032159,1.4065
1.5278,-0.00049065,0.39005
1.5289,0.00065451,0.15528
1.5292,0.00021912,0.059449
1.524,-0.0033743,1.97
1.5289,0.003166,1.4955
1.5283,-0.00039245,0.37878
1.5286,0.00022902,0.053126
1.53,0.00091587,0.34422
1.5347,0.0030392,1.6998
1.5258,-0.0057668,3.8163
1.53,0.0027527,1.4155
1.5285,-0.00097386,0.7579
1.5299,0.00093882,0.35761
1.5338,0.0025328,1.2872
1.5258,-0.0052223,3.0186
1.5299,0.00271,1.2615
1.5296,-0.00019282,0.26206
1.5298,9.8062e-05,0.12179
1.5402,0.0067983,3.7749
1.5419,0.0011038,0.41397
1.5293,-0.0081717,4.5327
1.5402,0.0071274,3.4306
1.5297,-0.0067946,3.5973
1.5424,0.0082531,3.9984
1.5424,0,0.16063
1.5294,-0.0084124,4.1746
1.5424,0.0084838,3.8649
1.543,0.00041495,0.039997
1.5408,-0.0014258,0.84095
1.5399,-0.00058411,0.43154
1.5418,0.0012338,0.45761
1.5394,-0.0015566,1.0666
1.5399,0.0003248,0.0072964
1.5406,0.00045457,0.073107
1.5423,0.0011035,0.48725
1.5454,0.00201,1.0544
1.5386,-0.0044002,2.6605
1.5423,0.0024048,1.0483
1.5405,-0.0011606,0.70469
1.5426,0.0013242,0.47265
1.5456,0.0019772,0.83262
1.5385,-0.0045646,2.3386
1.5426,0.0026031,1.0372
1.5413,-0.00081035,0.51283
1.542,0.00045416,0.058085
1.5357,-0.0040856,2.0906
1.543,0.0047535,2.017
1.5341,-0.005768,2.7534
1.5357,0.001043,0.30365
1.5421,0.004161,1.6441
1.5357,-0.0041243,1.9319
1.5429,0.0046688,1.8624
1.5341,-0.0057003,2.4574
1.5357,0.0010592,0.29085
1.5355,-0.00011721,0.18474
1.5356,3.2562e-05,0.13073
1.5399,0.0028002,1.127
1.5418,0.0012338,0.38571
1.5308,-0.0071345,3.226
1.5399,0.0059446,2.2825
1.5356,-0.0027956,1.2739
1.5399,0.0027774,0.96921
1.5418,0.0012696,0.36232
1.5309,-0.0070826,3.176
1.5399,0.0058561,2.1542
1.5401,0.00015586,0.091124
1.5404,0.00019479,0.082035
1.5409,0.00032459,0.018618
1.5447,0.0024661,0.8707
1.5318,-0.0083511,3.7142
1.5409,0.0059407,2.1874
1.5404,-0.00033098,0.26346
1.5407,0.00017203,0.090971
1.5447,0.0026028,0.87688
1.5317,-0.0084031,3.158
1.5407,0.0058563,1.8952
1.5408,9.4116e-05,0.10729
1.5409,6.4901e-05,0.1215
1.5331,-0.005062,1.9689
1.5419,0.00574,1.8728
1.5311,-0.0070043,2.4855
1.5331,0.0013063,0.31179
1.5407,0.0049312,1.5534
1.5303,-0.0067568,2.3265
1.5418,0.0075445,2.2739
1.5303,-0.007488,2.4597
1.5303,0,0.12584
1.5309,0.00039209,0.01058
1.5328,0.0012738,0.29101
1.5326,-0.00013048,0.17258
1.5335,0.00058724,0.074298
1.5306,-0.0018911,0.77757
1.5326,0.0013067,0.3229
1.5325,-6.5249e-05,0.16385
1.5341,0.001044,0.25001
1.5362,0.0013689,0.36846
1.5297,-0.0042312,1.6557
1.5341,0.0028764,0.85743
1.5325,-0.0010299,0.45086
1.5342,0.0010767,0.24457
1.5361,0.0012678,0.3316
1.5297,-0.0041729,1.6291
1.5342,0.0029189,0.8719
1.5342,1.9555e-05,0.12746
1.534,-0.00013036,0.1818
1.5359,0.0012386,0.32095
1.5373,0.00091152,0.18084
1.5329,-0.0028622,1.161
1.5359,0.0019571,0.52903
1.5339,-0.0012957,0.60488
1.5359,0.0013006,0.34296
1.5372,0.00085292,0.18339
1.533,-0.002716,1.278
1.5359,0.0018688,0.56021
1.5359,2.9299e-05,0.15271
1.5356,-0.00022787,0.26783
1.5244,-0.0072936,3.2083
1.5413,0.011086,4.4251
1.5236,-0.011484,4.851
1.5244,0.00052507,0.067997
1.5356,0.0073734,2.8627
1.5244,-0.0073162,3.1503
1.5411,0.010958,4.3257
1.5237,-0.011281,4.7682
1.5244,0.00044627,0.035841
1.5253,0.00058711,0.074922
1.5247,-0.00039337,0.35058
1.5136,-0.0072801,3.3032
1.5255,0.0078621,3.0952
1.5126,-0.0084562,3.7762
1.5136,0.00066111,0.098728
1.5248,0.0073798,2.8405
1.5131,-0.0076372,3.2502
1.5255,0.0081586,2.8101
1.5126,-0.00844,3.0205
1.5131,0.00035039,0.021936
1.5133,0.00011565,0.079693
1.5136,0.00019824,0.056529
1.5028,-0.0071353,2.6751
1.515,0.0081182,2.4089
1.5014,-0.0089769,2.796
1.5028,0.00093246,0.1933
1.5136,0.0071833,2.055
1.5026,-0.0072807,2.2868
1.5149,0.0082226,2.2606
1.5015,-0.0088915,2.5394
1.5026,0.00074261,0.11147
1.5012,-0.0009151,0.35911
1.5039,0.0017986,0.43859
1.5039,0,0.10131
1.5051,0.00079793,0.1661
1.5026,-0.001661,0.71668
1.5039,0.00086517,0.2251
1.5037,-0.00013299,0.19512
1.5086,0.0032586,1.2241
1.5104,0.0011932,0.31784
1.5014,-0.0059587,2.3083
1.5086,0.0047955,1.6559
1.5036,-0.0032944,1.1871
1.509,0.0035813,1.0603
1.5104,0.00093438,0.1951
1.5012,-0.0060744,2.3506
1.509,0.0051724,1.7959
1.509,-9.9403e-06,0.11356
1.5089,-6.6269e-05,0.14998
1.4975,-0.0075552,3.1923
1.5096,0.0080801,2.9152
1.4975,-0.0080154,2.7302
1.4975,0,0.084928
1.509,0.0076728,2.5751
1.4981,-0.0071902,2.4555
1.5095,0.0075827,2.5442
1.4976,-0.0078635,2.4428
1.4981,0.00034054,0.018118
1.4982,4.005e-05,0.064893
1.4977,-0.00033373,0.19888
1.5015,0.0025372,0.88747
1.5036,0.0013986,0.37236
1.4942,-0.0062517,2.1198
1.5015,0.0048856,1.4588
1.4977,-0.0025375,0.92634
1.5018,0.0027175,0.76219
1.5035,0.0011919,0.25786
1.4943,-0.0061854,2.0985
1.5018,0.0050259,1.5039
1.5015,-0.00017313,0.16664
1.5013,-0.0001332,0.17702
1.5035,0.0014654,0.41418
1.5075,0.0026937,0.86845
1.4965,-0.0073298,2.4662
1.5035,0.0046776,1.3197
1.5014,-0.0014001,0.51358
1.5035,0.001422,0.31988
1.5067,0.002135,0.53172
1.4965,-0.0067862,2.1856
1.5035,0.0046876,1.2409
1.5041,0.00034585,0.00010679
1.5041,3.3244e-05,0.090088
1.5196,0.010305,2.9571
1.5201,0.00032903,0.0054612
1.5023,-0.01171,3.4412
1.5196,0.011516,3.0367
1.5039,-0.010312,2.9038
1.5171,0.008777,2.1672
1.52,0.0019148,0.36577
1.5023,-0.011681,2.7996
1.5171,0.009885,2.1544
1.5162,-0.000613,0.2059
1.5189,0.0017808,0.32458
1.5211,0.0014484,0.24954
1.5222,0.00072316,0.084679
1.5188,-0.0022336,0.58292
1.5211,0.0015144,0.26443
1.5212,6.5742e-05,0.065721
1.5179,-0.0021693,0.58477
1.5217,0.0025035,0.50278
1.5152,-0.0042715,1.0752
1.5179,0.0017819,0.33371
1.5212,0.0021444,0.44321
1.518,-0.0020445,0.63377
1.5216,0.0023616,0.53266
1.5153,-0.0041699,1.2413
1.518,0.0018214,0.40477
1.518,3.2937e-06,0.097683
1.5185,0.00029643,0.014788
1.5143,-0.0027659,0.88767
1.519,0.0031037,0.78439
1.5138,-0.0034233,1.0369
1.5143,0.00033029,0.0035514
1.5184,0.0027108,0.6729
1.5144,-0.0026508,0.85173
1.519,0.0030805,0.77762
1.5139,-0.003387,1.0545
1.5144,0.00031706,0.0051994
1.5144,1.3207e-05,0.089772
1.5147,0.0001981,0.037457
1.5186,0.0025748,0.64107
1.5232,0.0030291,0.76854
1.5119,-0.0074186,2.1996
1.5186,0.0044315,1.162
1.5146,-0.0026571,0.8489
1.5183,0.0024892,0.61097
1.5231,0.0031647,0.80259
1.512,-0.0073335,2.1755
1.5183,0.0042097,1.0991
1.5176,-0.00048408,0.23247
1.5179,0.00019768,0.039251
1.5166,-0.00085645,0.33769
1.5204,0.0025056,0.6195
1.5133,-0.0046698,1.4234
1.5166,0.0021807,0.52509
1.518,0.00090663,0.16367
1.5167,-0.00081688,0.32688
1.5204,0.0023933,0.58541
1.5133,-0.0046173,1.405
1.5167,0.0022401,0.54194
1.5167,-2.3076e-05,0.10006
1.5165,-0.00013187,0.1314
1.5101,-0.0042202,1.3268
1.5188,0.0057612,1.5881
1.5073,-0.0075718,2.3056
1.5101,0.0018576,0.44154
1.5167,0.0043441,1.1743
1.5097,-0.0045923,1.4355
1.5187,0.0059946,1.6147
1.5073,-0.0075358,2.2313
1.5097,0.0015889,0.35723
1.5003,-0.0062562,1.875
1.5128,0.0083653,2.2878
1.5117,-0.00072713,0.30142
1.5134,0.0011246,0.22631
1.5106,-0.0018501,0.64126
1.5117,0.00072819,0.12074
1.512,0.00019845,0.042112
1.5176,0.0037037,1.0374
1.5183,0.00046125,0.03746
1.5087,-0.0063229,2.0506
1.5176,0.0058991,1.6335
1.512,-0.0037032,1.153
1.5175,0.0036541,0.94606
1.5182,0.00048435,0.041731
1.5087,-0.0063099,1.9931
1.5175,0.0058628,1.6229
1.518,0.00032619,0.0033894
1.5175,-0.00032938,0.19606
1.5204,0.001911,0.4821
1.5221,0.0011181,0.23781
1.5162,-0.0038762,1.3047
1.5204,0.0027701,0.71439
1.5174,-0.0019469,0.6687
1.5208,0.0022143,0.55974
1.522,0.0008055,0.1425
1.5162,-0.0038107,1.2848
1.5208,0.0030174,0.79934
1.5208,-3.2877e-05,0.10744
1.5202,-0.00036166,0.20876
1.5338,0.0089462,2.6268
1.5362,0.0015647,0.36847
1.5201,-0.01048,3.2168
1.5338,0.0090126,2.5905
1.5201,-0.0089027,2.6931
1.5334,0.0087525,2.4203
1.5361,0.0017216,0.38399
1.5201,-0.010419,3.2398
1.5334,0.0087923,2.4834
1.5335,6.5212e-05,0.095739
1.5333,-0.00016302,0.16527
1.5221,-0.0073045,2.3269
1.5355,0.0088036,2.5285
1.5172,-0.011918,3.5543
1.5221,0.0032296,0.82494
1.5333,0.0073845,1.9695
1.5223,-0.0071967,2.1041
1.5354,0.0086054,2.2623
1.5173,-0.011769,3.1463
1.5223,0.0032755,0.73762
1.5221,-0.00013466,0.11451
1.5219,-0.0001314,0.11504
1.525,0.0020369,0.42825
1.532,0.0045902,1.0657
1.5177,-0.0093342,2.3903
1.525,0.0048099,1.0927
1.522,-0.0019738,0.56178
1.5248,0.0018561,0.37358
1.5321,0.0047645,1.0826
1.5177,-0.0093925,2.4109
1.5248,0.0046946,1.0588
1.5285,0.0023839,0.47868
1.5258,-0.0017338,0.56168
1.5239,-0.0012452,0.43733
1.5261,0.0014437,0.25952
1.5222,-0.0025555,0.79109
1.5239,0.0011168,0.18042
1.5234,-0.00032811,0.21181
1.5289,0.0036103,0.82976
1.5327,0.0024854,0.49334
1.5221,-0.0069159,2.022
1.5289,0.0044675,1.001
1.5235,-0.0035548,1.0606
1.5281,0.0030555,0.62427
1.5326,0.0029481,0.60711
1.5222,-0.0068282,1.9989
1.5281,0.0039155,0.85791
1.5279,-0.00014397,0.19122
1.5281,0.0001309,0.12324
1.5224,-0.0037301,1.1058
1.5285,0.0040068,0.89283
1.5153,-0.0086359,2.3557
1.5224,0.0046855,0.96996
1.5281,0.0037441,0.69942
1.5219,-0.0040737,1.1394
1.5286,0.0044189,0.83692
1.5154,-0.0086615,2.0051
1.5219,0.0042993,0.79082
1.5214,-0.00031211,0.19145
1.5223,0.00059156,0.0031493
1.5194,-0.001905,0.5172
1.5247,0.0034882,0.6246
1.5181,-0.0043287,1.0682
1.5194,0.00085633,0.042069
1.5224,0.0019416,0.28214
1.5192,-0.0020823,0.65991
1.5246,0.0035875,0.65406
1.5181,-0.00426,1.1164
1.5192,0.00068834,0.0064606
1.5201,0.0006385,0.00033056
1.5195,-0.00042759,0.25601
1.5236,0.0026983,0.48074
1.525,0.00091888,0.061862
1.5105,-0.0095082,2.549
1.5236,0.0086726,1.9395
1.5195,-0.002691,0.78712
1.5236,0.0026752,0.46225
1.5249,0.00087623,0.048898
1.5105,-0.0094334,2.4076
1.5236,0.0086394,1.8327
1.524,0.00031833,0.10019
1.5233,-0.00049211,0.29303
1.5161,-0.0047266,1.2648
1.5256,0.0062661,1.3147
1.5124,-0.0086523,2.186
1.5161,0.0024464,0.40969
1.5234,0.0048216,0.96946
1.513,-0.0068498,1.8074
1.5255,0.0082784,1.7812
1.5113,-0.0092986,2.3453
1.513,0.0010984,0.076895
1.5151,0.0014045,0.14387
1.5155,0.00026401,0.13126
1.5143,-0.00079182,0.35418
1.5159,0.0010566,0.07128
1.5133,-0.0017152,0.56672
1.5143,0.00066081,0.00058545
1.5148,0.00033019,0.079433
1.5099,-0.0032348,0.88836
1.5193,0.0062256,1.2422
1.5064,-0.0084908,1.9626
1.5099,0.0023234,0.35841
1.5148,0.0032717,0.56149
1.51,-0.0032215,0.87518
1.5192,0.0061492,1.2252
1.5065,-0.0084187,2.0426
1.51,0.0023267,0.37361
1.51,5.9604e-05,0.13145
1.5097,-0.00023178,0.20158
1.5115,0.0011923,0.13321
1.5137,0.0014555,0.18819
1.4999,-0.0091167,2.3065
1.5115,0.0077338,1.6629
1.5097,-0.0011743,0.43554
1.5115,0.0011856,0.12376
1.5136,0.0013827,0.17149
1.4999,-0.0090645,2.4306
1.5115,0.0077539,1.7668
1.5112,-0.0002084,0.22036
1.5112,0,0.17336
1.5119,0.00046321,0.047948
1.5163,0.0029102,0.58135
1.5183,0.001319,0.16573
1.5096,-0.0057301,1.6471
1.5163,0.0044383,0.97431
1.5118,-0.002948,0.9316
1.5161,0.0028045,0.55417
1.5183,0.0014445,0.20064
1.5096,-0.005694,1.6596
1.5161,0.0042759,0.94495
1.5157,-0.00024405,0.23938
1.5157,0,0.17667
1.5162,0.00032988,0.077545
1.5353,0.012597,3.2585
1.537,0.0011073,0.11925
1.5157,-0.013858,3.7805
1.5353,0.012931,3.2004
1.5162,-0.012421,3.2932
1.5351,0.012462,2.8605
1.537,0.0012181,0.13767
1.5157,-0.013861,3.5141
1.5351,0.012823,2.9478
1.5352,4.8856e-05,0.14549
1.5352,0,0.16368
1.5355,0.00019541,0.10572
1.5412,0.0037121,0.80242
1.5413,6.4885e-05,0.13861
1.5317,-0.0062285,1.8075
1.5412,0.0062023,1.4298
1.5353,-0.0038087,1.0713
1.5359,0.00037451,0.058245
1.5379,0.0013022,0.19521
1.5317,-0.0040217,1.2083
1.5359,0.0027322,0.58989
1.5391,0.0020802,0.43502
1.5391,0,0.17937
1.538,-0.0007147,0.37072
1.538,0,0.15997
1.5385,0.0003251,0.027886
1.5372,-0.00084498,0.37588
1.538,0.00052043,0.049503
1.5379,-6.502e-05,0.14868
1.5339,-0.0026009,0.95731
1.5386,0.0030641,0.87901
1.531,-0.0049396,1.6162
1.5339,0.0018942,0.44766
1.538,0.0026631,0.70574
1.5336,-0.0028414,0.97807
1.5386,0.0032766,0.89553
1.531,-0.0049687,1.5491
1.5336,0.0017113,0.39532
1.5337,5.5425e-05,0.085792
1.5337,0,0.095165
1.5337,0,0.094328
1.5328,-0.00058682,0.27688
1.535,0.0014353,0.36096
1.5285,-0.0042345,1.5226
1.5328,0.0028132,0.83156
1.5336,0.00054149,0.071241
1.5325,-0.00072377,0.35087
1.535,0.0016215,0.43762
1.5286,-0.0041596,1.5151
1.5325,0.0025513,0.74222
1.5333,0.00050897,0.05972
1.5333,0,0.11158
1.5329,-0.00026088,0.21293
1.5344,0.00097854,0.26458
1.5348,0.00026069,0.029367
1.5286,-0.0040396,2.0415
1.5344,0.0037943,1.6361
1.5331,-0.00085701,0.55373
1.5338,0.0004566,0.075752
1.5348,0.00065524,0.16862
1.5286,-0.0040071,2.0263
1.5338,0.0033657,1.3357
1.5344,0.00036837,0.016614
1.5344,0,0.14509
1.5336,-0.00048881,0.35886
1.5313,-0.0014997,0.78808
1.5352,0.0025469,0.99089
1.528,-0.0046899,2.1906
1.5313,0.0021597,0.82068
1.5335,0.0014204,0.49566
1.5314,-0.001376,0.78016
1.5352,0.0024782,1.0216
1.5237,-0.0074487,3.6191
1.5314,0.005014,2.207
1.5327,0.00087177,0.27061
1.5327,0,0.1531
1.5315,-0.00078293,0.5191
1.5376,0.003983,1.7251
1.5385,0.00058533,0.12856
1.5305,-0.0051999,2.5839
1.5376,0.004639,2.0317
1.5317,-0.0038339,1.9026
1.5323,0.00039498,0.042114
1.5379,0.0036448,1.3827
1.5306,-0.0047435,2.0919
1.5323,0.0011172,0.34004
1.5218,-0.0068263,2.951
1.5218,0,0.12782
1.5374,0.010218,3.8738
1.5362,-0.00078054,0.41897
1.5379,0.0011066,0.34921
1.5354,-0.0016256,0.7914
1.5362,0.00052104,0.12086
1.5366,0.00026038,0.014523
1.5352,-0.0009111,0.56211
1.538,0.0018239,0.74832
1.5318,-0.0040312,2.059
1.5352,0.0022196,0.93388
1.537,0.0011855,0.41398
1.5357,-0.00087182,0.53271
1.5381,0.0015531,0.57848
1.5319,-0.0040375,2.0621
1.5357,0.002497,0.99401
1.536,0.00024094,0.0087721
1.536,0,0.11942
1.5351,-0.00061847,0.43858
1.5391,0.0026057,1.262
1.5395,0.00025989,0.020552
1.533,-0.0042222,2.4255
1.5391,0.0039791,1.988
1.5354,-0.0024332,1.354
1.5391,0.0024131,1.0302
1.5397,0.00040609,0.065306
1.533,-0.0043418,2.2072
1.5391,0.003953,1.6523
1.5392,9.0965e-05,0.075893
1.5392,0,0.12477
1.539,-0.00012994,0.19825
1.5487,0.0063028,3.0536
1.5501,0.00090398,0.31132
1.5382,-0.0076769,4.0338
1.5487,0.0068262,3.3177
1.539,-0.0062569,3.2831
1.5511,0.0078427,3.6165
1.5511,0,0.1164
1.5382,-0.0082749,3.8189
1.5511,0.0083439,3.4121
1.5498,-0.000793,0.43443
1.5498,0,0.1033
1.5489,-0.00061296,0.35615
1.5483,-0.00038737,0.26888
1.5493,0.00064587,0.2097
1.5478,-0.00096818,0.58046
1.5483,0.00032304,0.074546
1.5511,0.0017955,0.82752
1.5484,-0.0017375,1.0636
1.565,0.010718,5.3583
1.5182,-0.029879,16.121
1.5484,0.019869,10.005
1.5493,0.00055865,0.15551
1.5493,0,0.13221
1.5479,-0.00087139,0.57507
1.536,-0.0076878,4.0394
1.553,0.011068,5.0039
1.5345,-0.011912,5.6686
1.536,0.00097752,0.33634
1.548,0.0078092,3.4966
1.5358,-0.0078682,3.5381
1.5529,0.011118,4.5815
1.532,-0.013456,5.7823
1.5358,0.0024935,0.94563
1.5354,-0.00027021,0.208
1.5354,0,0.10004
1.5354,0,0.10004
1.5377,0.001498,0.54064
1.5403,0.0016908,0.61892
1.5316,-0.0056483,2.4868
1.5377,0.0039828,1.5662
1.5379,0.00013006,0.048082
1.536,-0.0012355,0.57673
1.5408,0.003125,1.1966
1.5317,-0.005906,2.4724
1.536,0.0028073,1.0705
1.5378,0.0011491,0.40616
1.5358,-0.0013071,0.57588
1.5407,0.0032329,1.1758
1.5317,-0.0058382,2.1698
1.5358,0.002631,0.88347
1.5357,-3.5813e-05,0.102
1.5357,0,0.072544
1.5358,6.5117e-05,0.017754
1.5321,-0.0024092,0.98537
1.5366,0.0029371,1.1136
1.5253,-0.0073539,2.9191
1.5321,0.0044581,1.7061
1.5358,0.0023856,0.87407
1.5317,-0.0026632,0.94556
1.5365,0.0031698,0.9413
1.5252,-0.007351,2.2959
1.5317,0.0042223,1.2042
1.531,-0.00043417,0.16051
1.531,0,0.023662
1.5313,0.00019595,0.040195
1.5331,0.0011755,0.37412
1.537,0.0025439,0.93401
1.529,-0.0052049,2.0006
1.5331,0.0026815,0.88752
1.5312,-0.0012458,0.46238
1.5332,0.0012801,0.3987
1.5369,0.0024427,0.87778
1.5291,-0.0050687,1.7835
1.5332,0.0026453,0.77994
1.5329,-0.00019568,0.10818
1.5329,0,0.032567
1.533,9.7857e-05,0.0057578
1.5365,0.0022831,0.64047
1.5388,0.0014969,0.41041
1.5288,-0.0064986,2.0087
1.5365,0.0050366,1.4462
1.5332,-0.0021803,0.65749
1.5363,0.0020709,0.5713
1.5388,0.0015784,0.42896
1.5288,-0.0064825,1.9372
1.5363,0.0049386,1.4175
1.5365,8.1363e-05,0.0037714
1.5365,0,0.027289
1.5365,3.2543e-05,0.017883
1.5381,0.0010413,0.27851
1.5429,0.0031207,0.88483
1.5349,-0.005185,1.5449
1.5381,0.0020848,0.58278
1.5364,-0.0010825,0.34772
1.5374,0.00064435,0.1687
1.5429,0.0035807,1.0562
1.5349,-0.0051817,1.5946
1.5374,0.0016222,0.46425
1.5372,-0.00017887,0.081144
1.5372,0,0.027083
1.5385,0.00087825,0.23835
1.5375,-0.00064998,0.23819
1.5397,0.0014309,0.43384
1.5369,-0.0018185,0.64732
1.5375,0.0003904,0.11
1.5373,-0.00013008,0.079341
1.5391,0.0011709,0.4191
1.5425,0.0022091,0.80926
1.5335,-0.0058347,2.2713
1.5391,0.0036518,1.3601
1.5371,-0.0012897,0.50041
1.5397,0.0016557,0.54963
1.5425,0.0018218,0.58758
1.5336,-0.0057667,2.2353
1.5397,0.0039711,1.3414
1.5398,0.0001234,0.046517
1.5398,0,0.056334
1.54,9.7412e-05,0.010134
1.5462,0.004026,1.3476
1.5484,0.0014228,0.44793
1.5337,-0.0094937,3.4015
1.5462,0.0081502,2.7828
1.54,-0.0040228,1.434
1.5463,0.0040812,1.3203
1.5483,0.0013258,0.3765
1.5337,-0.0094458,3.3636
1.5463,0.0081992,2.6916
1.5468,0.000346,0.018243
1.5468,0,0.092535
1.5462,-0.0003879,0.19039
1.5519,0.0036865,1.2411
1.5531,0.00077325,0.21495
1.5432,-0.0063743,2.6538
1.5519,0.0056376,2.0706
1.5462,-0.0036536,1.465
1.5516,0.0035021,1.1617
1.5531,0.00091516,0.19645
1.5433,-0.0062972,2.394
1.5516,0.005417,1.6925
1.5523,0.00045436,0.029557
1.5523,0,0.13225
1.3413,-0.13599,48.975
1.3039,-0.027847,9.6793
1.3861,0.06308,20.657
1.2687,-0.084731,29.193
1.3039,0.027745,9.0359
1.3121,0.0062735,1.926
1.3069,-0.0039327,1.3651
1.386,0.060497,18.954
1.2689,-0.084496,26.935
1.3069,0.029983,9.3509
1.2967,-0.0078199,2.532
1.2967,0,0.11127
1.2961,-0.00042415,0.23945
1.3029,0.0051692,1.4846
1.3388,0.027555,8.4069
1.2803,-0.043697,13.7
1.3029,0.017653,5.3449
1.2967,-0.0047588,1.5494
1.3042,0.0058381,1.653
1.3389,0.026564,7.9163
1.2802,-0.043806,13.366
1.3042,0.018751,5.5552
1.3255,0.016278,4.753
1.3255,0,0.15004
1.3027,-0.017202,4.8481
1.3023,-0.0002303,0.16609
1.3068,0.0033785,0.76605
1.3011,-0.004362,1.2175
1.3023,0.00099919,0.14771
1.3022,-7.6784e-05,0.11908
1.3285,0.020196,4.6413
1.3317,0.002371,0.43973
1.2942,-0.028122,6.8098
1.3285,0.026502,5.7378
1.3023,-0.019725,4.3568
1.3285,0.020102,4.1561
1.3318,0.0024802,0.41745
1.2943,-0.028202,6.216
1.3285,0.026475,5.1585
1.3269,-0.0012232,0.36456
1.3269,0,0.087746
1.328,0.00086668,0.092302
1.3248,-0.0024472,0.59614
1.3336,0.0066048,1.2743
1.319,-0.010911,2.3544
1.3248,0.0043973,0.82328
1.3285,0.0028193,0.4746
1.3259,-0.0019909,0.52246
1.3336,0.0057773,1.0752
1.3191,-0.010858,2.2308
1.3259,0.0051703,0.88192
1.3246,-0.00097293,0.29301
1.3246,0,0.078455
1.3228,-0.0013589,0.33087
1.3035,-0.014552,2.7307
1.3301,0.020406,3.5179
1.2839,-0.034733,6.1218
1.3035,0.015265,2.5185
1.3228,0.014771,2.3325
1.3031,-0.014885,2.3465
1.3301,0.020727,3.011
1.2838,-0.034794,5.0034
1.3031,0.01501,2.0567
1.3022,-0.00070216,0.15513
1.3022,0,0.055158
1.3037,0.0011903,0.10891
1.3074,0.0027613,0.32544
1.3147,0.0056221,0.71976
1.295,-0.015022,2.157
1.3074,0.0095757,1.2164
1.3038,-0.0027231,0.4487
1.3075,0.0028302,0.31578
1.3148,0.0056024,0.67602
1.2948,-0.015238,2.1391
1.3075,0.0098164,1.2186
1.3075,1.5297e-05,0.079253
1.3075,0,0.081278
1.3075,3.8241e-05,0.076215
1.3247,0.013116,1.64
1.3247,0,0.050858
1.3021,-0.017023,2.2471
1.3247,0.017318,2.1242
1.3074,-0.013071,1.712
1.2901,-0.01321,1.6097
1.3229,0.025443,2.8435
1.2895,-0.025243,2.9258
1.2901,0.00044202,0.046455
1.2905,0.00025967,0.026055
1.2905,0,0.017009
1.3218,0.024333,2.7615
1.321,-0.00068086,0.089049
1.3236,0.002044,0.21647
1.3171,-0.0049862,0.58637
1.321,0.0029612,0.32828
1.3215,0.00041637,0.030535
1.3618,0.030496,3.4652
1.364,0.0016155,0.15738
1.3152,-0.035814,4.2646
1.3618,0.035471,3.7876
1.3208,-0.030111,2.8299
1.3616,0.03089,2.3839
1.364,0.0017957,0.11304
1.3149,-0.036011,3.4078
1.3616,0.035496,3.288
1.3596,-0.0014652,0.17716
1.3596,0,0.037368
1.3606,0.00073551,0.065151
1.3715,0.0080112,0.87967
1.3848,0.0096974,1.073
1.3467,-0.027513,3.252
1.3715,0.018415,2.0724
1.3605,-0.0080277,0.98423
1.3717,0.0082581,0.76765
1.385,0.0096448,0.80948
1.3467,-0.027647,2.3388
1.3717,0.018609,1.5059
1.3656,-0.0045016,0.42165
1.3656,0,0.037569
1.3707,0.003808,0.29576
1.3706,-7.2953e-05,0.043955
1.379,0.006092,0.55682
1.3635,-0.011276,1.3338
1.3706,0.0052807,0.55468
1.3707,6.931e-05,0.032384
1.3708,5.1067e-05,0.034583
1.3789,0.0059052,0.69774
1.3637,-0.011067,1.4238
1.3708,0.0052543,0.5858
1.3732,0.0017034,0.15431
1.3732,0,0.051978
1.3716,-0.0011652,0.19309
1.3912,0.01429,1.71
1.398,0.004924,0.54644
1.3714,-0.019063,2.4142
1.3912,0.014438,1.7282
1.3715,-0.014125,1.8026
1.391,0.014233,1.703
1.398,0.0050143,0.5572
1.3713,-0.019084,2.4169
1.391,0.014369,1.7197
1.3915,0.00030913,0.014541
1.3915,0,0.051978
1.3901,-0.0010061,0.16383
1.3874,-0.0019064,0.27157
1.3991,0.0084691,0.99346
1.3785,-0.014759,1.8617
1.3874,0.0064563,0.72851
1.3903,0.0020794,0.20213
1.3837,-0.0047508,0.58346
1.3991,0.011155,1.2241
1.3785,-0.014709,1.7197
1.3837,0.0037322,0.33464
1.3943,0.0076752,0.71783
1.3943,0,0.039046
1.3977,0.0024026,0.17954
1.3917,-0.0042571,0.50464
1.4002,0.0061076,0.65528
1.3917,-0.0060706,0.80976
1.3917,0,0.05105
1.3926,0.00064669,0.033982
1.3947,0.0015439,0.13806
1.4077,0.009249,1.1216
1.3866,-0.014954,1.962
1.3947,0.0058777,0.69285
1.3925,-0.0015773,0.26763
1.3948,0.0015906,0.13198
1.4076,0.0092023,1.0921
1.3867,-0.014827,1.9038
1.3948,0.0057942,0.64973
1.3936,-0.00087111,0.17532
1.3936,0,0.053293
1.3936,3.588e-05,0.048838
1.3998,0.0044489,0.50356
1.4034,0.0025718,0.27223
1.3882,-0.010795,1.4045
1.3998,0.0083198,0.99569
1.3938,-0.0042828,0.58509
1.4004,0.0047245,0.53335
1.403,0.0018923,0.17004
1.3882,-0.010581,1.412
1.4004,0.0087848,1.0395
1.4001,-0.00020709,0.11414
1.4001,0,0.06909
1.4008,0.00053568,0.0011101
1.4035,0.001856,0.16572
1.4134,0.0070897,0.87956
1.3989,-0.010259,1.4659
1.4035,0.0032526,0.33581
1.4011,-0.0016459,0.38669
1.4041,0.002134,0.13802
1.4132,0.006431,0.75108
1.3987,-0.010215,1.7933
1.4041,0.0038642,0.37049
1.4051,0.00072643,0.12798
1.4051,0,0.15821
1.406,0.00060492,0.074235
1.4118,0.0041252,0.45438
1.4191,0.0052061,0.59908
1.4012,-0.012648,1.9803
1.4118,0.0075649,0.92172
1.4062,-0.0039453,0.73033
1.4117,0.0039076,0.4434
1.419,0.0051533,0.61728
1.4012,-0.012541,2.0981
1.4117,0.0075078,0.99087
1.4134,0.0011865,0.0067214
1.4134,0,0.20596
1.4129,-0.00035376,0.25933
1.4132,0.00021233,0.10956
1.4171,0.0027951,0.31045
1.4074,-0.0069153,1.2423
1.4132,0.0041567,0.51514
1.4129,-0.00021228,0.18666
1.4128,-4.6005e-05,0.11237
1.4172,0.0030966,0.3837
1.4074,-0.0069503,1.2449
1.4128,0.0038903,0.52445
1.4142,0.00096614,0.048351
1.4142,0,0.15261
1.4134,-0.00056569,0.21656
1.4103,-0.0021579,0.49193
1.4141,0.0026589,0.37294
1.4088,-0.0037126,0.85896
1.4103,0.0010647,0.084215
1.4101,-0.00017726,0.16867
1.4063,-0.0026948,0.66024
1.4176,0.0080353,1.4656
1.4002,-0.012274,2.5636
1.4063,0.0043565,0.73793
1.41,0.0026097,0.38067
1.4064,-0.0025532,0.63259
1.4174,0.0078073,1.3904
1.4003,-0.012058,2.4884
1.4064,0.0043635,0.71719
1.4071,0.00051907,0.032704
1.4071,0,0.12378
1.4064,-0.00049748,0.2295
1.4144,0.0056883,1.0439
1.4147,0.0002121,0.073058
1.4043,-0.0073514,1.6292
1.4144,0.0071922,1.3707
1.4067,-0.0054263,1.2231
1.4144,0.0054382,0.98639
1.4147,0.00025806,0.072738
1.4043,-0.0073794,1.5834
1.4144,0.0071744,1.2926
1.4141,-0.00019443,0.16224
1.4141,0,0.11556
1.4147,0.00045966,0.013547
1.4147,-3.5342e-05,0.1133
1.4201,0.0038171,0.67833
1.4083,-0.0083093,1.8306
1.4147,0.0045445,0.81615
1.4146,-0.0001025,0.11912
1.4147,0.00011664,0.075014
1.4202,0.0038806,0.68224
1.4085,-0.0082206,1.753
1.4147,0.0043911,0.78112
1.4159,0.00083409,0.069381
1.4159,0,0.10736
1.4153,-0.00042376,0.18378
1.432,0.011764,2.2095
1.4363,0.0030378,0.51897
1.4118,-0.017058,3.635
1.432,0.014273,2.8823
1.415,-0.01184,2.4815
1.4323,0.012201,2.2734
1.4362,0.0027579,0.46053
1.4115,-0.017226,3.5654
1.4323,0.014729,2.7838
1.4316,-0.00046081,0.18944
1.4316,0,0.097565
1.4321,0.00031433,0.034896
1.4501,0.012569,2.3792
1.4503,0.00013793,0.048199
1.4261,-0.016652,3.3277
1.4501,0.016794,3.1325
1.4322,-0.012331,2.4837
1.4081,-0.016775,3.2376
1.4378,0.021053,3.8604
1.4081,-0.020618,3.9317
1.4081,0,0.043615
1.4088,0.00050066,0.049227
1.4088,0,0.053828
1.4378,0.020549,3.7669
1.436,-0.0012519,0.27479
1.4382,0.0014972,0.23679
1.4342,-0.0027466,0.55782
1.436,0.0012551,0.19385
1.4358,-0.00013928,0.070055
1.4314,-0.0030645,0.60911
1.4374,0.0041917,0.78738
1.4283,-0.0063309,1.2826
1.4314,0.0021704,0.39115
1.4358,0.0030879,0.57101
1.4316,-0.0029356,0.61706
1.4374,0.0040235,0.7544
1.4283,-0.0062997,1.2692
1.4316,0.0023069,0.42727
1.4317,6.6359e-05,0.023082
1.4317,0,0.028465
1.4317,0,0.028956
1.4379,0.0042956,0.95432
1.4393,0.0010432,0.21604
1.4271,-0.0085108,2.0145
1.4379,0.0075328,1.7354
1.4318,-0.0042146,0.97748
1.4378,0.0041836,0.91979
1.4393,0.0010711,0.21106
1.4271,-0.0084797,1.9248
1.4378,0.0074731,1.6105
1.4376,-0.00015997,0.061954
1.4376,0,0.020462
1.438,0.00031303,0.049541
1.454,0.011092,2.452
1.4593,0.003714,0.77357
1.4307,-0.019632,4.2077
1.454,0.016251,3.4775
1.4382,-0.010802,2.1749
1.4542,0.011097,2.0336
1.4594,0.0035415,0.61806
1.4309,-0.019515,3.6863
1.4542,0.016305,2.8804
1.4541,-7.2204e-05,0.055762
1.4541,0,0.031254
1.4541,0,0.031254
1.4639,0.0067396,1.1723
1.4654,0.0010247,0.15173
1.4504,-0.010236,1.9544
1.4639,0.0093078,1.6767
1.4544,-0.0064895,1.1901
1.4639,0.006525,1.0902
1.4653,0.00099051,0.14001
1.4504,-0.010226,1.8984
1.4639,0.0093322,1.6353
1.4639,-2.7324e-05,0.03474
1.4639,0,0.030049
1.4639,3.4157e-05,0.024184
1.4449,-0.012945,2.3053
1.4688,0.016506,2.7595
1.4423,-0.018042,3.0821
1.4449,0.0018373,0.29351
1.4639,0.01309,2.286
1.445,-0.012887,2.2951
1.4689,0.016533,2.7641
1.4423,-0.018102,3.0923
1.445,0.001872,0.29934
1.4448,-0.00013841,0.04507
1.4448,0,0.021592
1.4489,0.0028378,0.4617
1.4472,-0.0011733,0.22062
1.4495,0.0015893,0.2518
1.4469,-0.0017937,0.33877
1.4472,0.00020734,0.021084
1.4471,-3.4549e-05,0.029742
1.4683,0.01458,2.6427
1.4724,0.0028265,0.48785
1.4449,-0.018677,3.6797
1.4683,0.01616,3.0721
1.4473,-0.014286,2.5765
1.4682,0.014448,2.4182
1.4723,0.0027755,0.43727
1.4451,-0.018434,3.1927
1.4682,0.015961,2.6181
1.4693,0.00075944,0.098579
1.4693,0,0.029622
1.4685,-0.00054448,0.13086
1.4688,0.00020429,0.019542
1.4707,0.0012936,0.22794
1.4625,-0.0055756,1.1735
1.4688,0.0043077,0.8588
1.4683,-0.00036084,0.1038
1.4689,0.0004461,0.05366
1.4706,0.0011641,0.19377
1.4626,-0.0054942,1.1569
1.4689,0.0043554,0.81502
1.4686,-0.00022125,0.084178
1.4686,0,0.027634
1.4693,0.00047664,0.073426
1.4728,0.0023821,0.48176
1.4738,0.00067898,0.1094
1.4672,-0.0044782,1.1826
1.4728,0.0038168,0.82232
1.4691,-0.0024919,0.59853
1.4729,0.00259,0.5067
1.4738,0.00060424,0.079547
1.4673,-0.0044137,1.0781
1.4729,0.0038267,0.77567
1.4739,0.00065515,0.057397
1.4739,0,0.079053
1.473,-0.0005767,0.19916
1.4672,-0.0039374,0.96523
1.4768,0.0064747,1.3918
1.4664,-0.0070086,1.6519
1.4672,0.00057965,0.066535
1.4731,0.0039871,0.7762
1.4674,-0.0038456,0.87737
1.4768,0.0063478,1.2193
1.4664,-0.0069951,1.5314
1.4674,0.00069216,0.083123
1.4689,0.00099834,0.12327
1.4689,0,0.094186
1.4673,-0.0010552,0.3096
1.4727,0.003612,0.67121
1.4738,0.00078091,0.082444
1.4582,-0.010585,2.3916
1.4727,0.0099095,2.0105
1.4676,-0.003402,0.83645
1.4728,0.0034988,0.65806
1.4737,0.00065862,0.058871
1.4583,-0.010507,2.4187
1.4728,0.0099536,2.0562
1.4728,5.0924e-05,0.088865
1.4728,0,0.099891
1.4716,-0.00084869,0.28364
1.4714,-0.00013591,0.097713
1.4717,0.00020389,0.00043404
1.4713,-0.00027179,0.12089
1.4714,6.7967e-05,0.034936
1.4719,0.00030583,0.026425
1.4714,-0.00027177,0.12949
1.4762,0.0032281,0.88747
1.4669,-0.0063,1.9225
1.4714,0.0031018,0.85121
1.4719,0.00028543,0.022135
1.4719,1.3588e-05,0.052345
1.4761,0.0028501,0.72005
1.467,-0.0061616,1.7339
1.4719,0.0033402,0.81452
1.4724,0.00034649,0.036562
1.4724,0,0.056045
1.4723,-0.00010187,0.091015
1.4762,0.002683,0.80079
1.4785,0.0015581,0.4002
1.4692,-0.0062563,2.0876
1.4762,0.0047303,1.4622
1.4722,-0.0027164,0.86441
1.4765,0.0029174,0.75245
1.4785,0.0013512,0.30013
1.4693,-0.0062395,1.883
1.4765,0.0049209,1.3192
1.4767,0.00014562,0.043226
1.4767,0,0.069531
1.4764,-0.00020316,0.12097
1.4704,-0.0040978,1.3903
1.4796,0.006291,1.9664
1.4662,-0.0090565,2.9922
1.4704,0.0028304,0.77629
1.4764,0.0041045,1.0819
1.4703,-0.0041046,1.182
1.4796,0.0063217,1.6347
1.4661,-0.0091645,2.4847
1.4703,0.0029092,0.69524
1.4708,0.00032306,0.019937
1.4708,0,0.078362
1.4708,0,0.078362
1.4852,0.0097906,2.4921
1.4856,0.00026932,0.0063573
1.4697,-0.010703,2.9324
1.4852,0.010546,2.7097
1.4708,-0.0096687,2.6562
1.4852,0.0097699,2.5057
1.4856,0.00023566,0.00029797
1.4698,-0.010612,2.9263
1.4852,0.010488,2.7301
1.4847,-0.00034339,0.14501
1.4847,0,0.056624
